{
	"format_version": "1.8.0",
	"animations": {
		"animation.car.move": {
			"loop": true,
			"animation_length": 0.5,
			"bones": {
				"wheel2": {
					"rotation": {
						"0.0": [0, 0, 0],
						"0.5": [360, 0, 0]
					}
				},
				"wheel3": {
					"rotation": {
						"0.0": [0, 0, 0],
						"0.5": [360, 0, 0]
					}
				},
				"wheel4": {
					"rotation": {
						"0.0": [0, 0, 0],
						"0.5": [360, 0, 0]
					}
				},
				"wheel": {
					"rotation": {
						"0.0": [0, 0, 0],
						"0.5": [360, 0, 0]
					}
				},
				"handle": {
					"rotation": [0, 0, "variable.steering * -0.6"]
				}
			}
		},
		"animation.car.idle": {
			"loop": true
		}
	}
}