{
	"format_version": "1.20.0",
	"minecraft:entity": {
		"description": {
			"identifier": "test:car1",
			"is_spawnable": true,
			"is_summonable": true,
			"is_experimental": false
		},
		"component_groups": {
			"remove": {
				"minecraft:spawn_entity": {
					"entities": [
						{
							"min_wait_time": 0,
							"max_wait_time": 0,
							"single_use": true,
							"spawn_item": "test:car1_spawn_egg",
							"num_to_spawn": 1
						}
					]
				},
				"minecraft:instant_despawn": {}
			}
		},
		"components": {
			"minecraft:physics": {
				"has_gravity": true,
				"has_collision": true
			},
			"minecraft:pushable": {
				"is_pushable": false
			},
			"minecraft:push_through": {
				"value": 1
			},
			"minecraft:movement": {
				"value": 0.2
			},
			"minecraft:scale": {
				"value": 1.5
			},
			"minecraft:collision_box": {
				"height": 1.3,
				"width": 2.2
			},
			"minecraft:interact": {
				"interactions": {
					"hurt_item": 1,
					"swing": true,
					"interact_text": "Remove",
					"on_interact": {
						"filters": {
							"all_of": [
								{
									"test": "is_family",
									"subject": "other",
									"value": "player"
								},
								{
									"test": "is_sneaking",
									"subject": "other",
									"operator": "==",
									"value": true
								}
							]
						},
						"event": "test:remove",
						"target": "self"
					}
				}
			},
			"minecraft:movement.basic": {},
			"minecraft:navigation.generic": {},
			"minecraft:input_ground_controlled": {},
			"minecraft:rideable": {
				"interact_text": "Drive",
				"seat_count": 1,
				"seats": [
					{
						"min_rider_count": 0,
						"max_rider_count": 1,
						"position": [0.11, 0.4, -0.6]
					}
				]
			},
			"minecraft:variable_max_auto_step": {
				"base_value": 1.2,
				"controlled_value": 1.2
			}
		},
		"events": {
			"test:remove": {
				"add": {
					"component_groups": [
						"remove"
					]
				}
			}
		}
	}
}