{
	"format_version": "1.19.0",
	"minecraft:client_entity": {
		"description": {
			"identifier": "test:car2",
			"materials": {
				"default": "entity_alphatest"
			},
			"textures": {
				"default": "textures/entity/car2"
			},
			"geometry": {
				"default": "geometry.car2"
			},
			"render_controllers": ["controller.render.default"],
			"animations": {
				"move": "animation.car.move"
			},
			"scripts": {
				"initialize": [
					"variable.steering = 0;"
				],
				"pre_animation": [
					"query.has_rider ? (variable.steering = Math.lerp(variable.steering, query.yaw_speed, 0.15));"
				],
				"animate": [
					{"move": "query.modified_move_speed > 0.1"}
				]
			},
			"spawn_egg": {
				"base_color": "#5a3b0e",
				"overlay_color": "#3d3426"
			}
		}
	}
}