{
	"format_version": "1.12.0",
	"minecraft:geometry": [
		{
			"description": {
				"identifier": "geometry.car1",
				"texture_width": 128,
				"texture_height": 128,
				"visible_bounds_width": 5,
				"visible_bounds_height": 3.5,
				"visible_bounds_offset": [0, 1.25, 0]
			},
			"bones": [
				{
					"name": "root",
					"pivot": [0, 4, 5]
				},
				{
					"name": "group2",
					"parent": "root",
					"pivot": [-8, 11.5, 21],
					"cubes": [
						{
							"origin": [7, 8.67157, -11.37868],
							"size": [4, 1, 7],
							"pivot": [8.5, 9.17157, -7.87868],
							"rotation": [-45, 0, 0],
							"uv": {
								"north": {"uv": [84, 13], "uv_size": [4, 1]},
								"east": {"uv": [23, 59], "uv_size": [7, 1]},
								"south": {"uv": [84, 14], "uv_size": [4, 1]},
								"west": {"uv": [81, 82], "uv_size": [7, 1]},
								"up": {"uv": [64, 74], "uv_size": [4, 7]},
								"down": {"uv": [68, 81], "uv_size": [4, -7]}
							}
						},
						{
							"origin": [7, 5.67157, 8.27817],
							"size": [4, 7, 1],
							"pivot": [8.5, 9.17157, 8.77817],
							"rotation": [-45, 0, 0],
							"uv": {
								"north": {"uv": [72, 74], "uv_size": [4, 7]},
								"east": {"uv": [45, 11], "uv_size": [1, 7]},
								"south": {"uv": [0, 75], "uv_size": [4, 7]},
								"west": {"uv": [75, 81], "uv_size": [1, 7]},
								"up": {"uv": [84, 51], "uv_size": [4, 1]},
								"down": {"uv": [84, 77], "uv_size": [4, -1]}
							}
						},
						{
							"origin": [7, 4.05025, -6.05025],
							"size": [4, 3, 1],
							"uv": {
								"north": {"uv": [14, 45], "uv_size": [4, 3]},
								"east": {"uv": [13, 56], "uv_size": [1, 3]},
								"south": {"uv": [14, 48], "uv_size": [4, 3]},
								"west": {"uv": [69, 87], "uv_size": [1, 3]},
								"up": {"uv": [0, 85], "uv_size": [4, 1]},
								"down": {"uv": [85, 37], "uv_size": [4, -1]}
							}
						},
						{
							"origin": [7, 4.05025, 5.94975],
							"size": [4, 3, 1],
							"uv": {
								"north": {"uv": [50, 79], "uv_size": [4, 3]},
								"east": {"uv": [70, 87], "uv_size": [1, 3]},
								"south": {"uv": [56, 79], "uv_size": [4, 3]},
								"west": {"uv": [71, 87], "uv_size": [1, 3]},
								"up": {"uv": [85, 37], "uv_size": [4, 1]},
								"down": {"uv": [85, 39], "uv_size": [4, -1]}
							}
						},
						{
							"origin": [7, 11, -18],
							"size": [4, 1, 8],
							"uv": {
								"north": {"uv": [69, 85], "uv_size": [4, 1]},
								"east": {"uv": [60, 21], "uv_size": [8, 1]},
								"south": {"uv": [85, 84], "uv_size": [4, 1]},
								"west": {"uv": [81, 43], "uv_size": [8, 1]},
								"up": {"uv": [50, 71], "uv_size": [4, 8]},
								"down": {"uv": [73, 33], "uv_size": [4, -8]}
							}
						},
						{
							"origin": [7, 4.05025, -5.05025],
							"size": [4, 1, 11],
							"uv": {
								"north": {"uv": [85, 85], "uv_size": [4, 1]},
								"east": {"uv": [80, 62], "uv_size": [11, 1]},
								"south": {"uv": [0, 86], "uv_size": [4, 1]},
								"west": {"uv": [80, 66], "uv_size": [11, 1]},
								"up": {"uv": [69, 25], "uv_size": [4, 11]},
								"down": {"uv": [26, 80], "uv_size": [4, -11]}
							}
						},
						{
							"origin": [7, 11, 10.89949],
							"size": [4, 1, 10],
							"uv": {
								"north": {"uv": [9, 86], "uv_size": [4, 1]},
								"east": {"uv": [80, 71], "uv_size": [10, 1]},
								"south": {"uv": [13, 86], "uv_size": [4, 1]},
								"west": {"uv": [80, 72], "uv_size": [10, 1]},
								"up": {"uv": [38, 69], "uv_size": [4, 10]},
								"down": {"uv": [42, 79], "uv_size": [4, -10]}
							}
						},
						{
							"origin": [-11, 11, 10.89949],
							"size": [4, 1, 10],
							"uv": {
								"north": {"uv": [13, 86], "uv_size": [-4, 1]},
								"east": {"uv": [90, 72], "uv_size": [-10, 1]},
								"south": {"uv": [17, 86], "uv_size": [-4, 1]},
								"west": {"uv": [90, 71], "uv_size": [-10, 1]},
								"up": {"uv": [42, 69], "uv_size": [-4, 10]},
								"down": {"uv": [46, 79], "uv_size": [-4, -10]}
							}
						},
						{
							"origin": [-11, 5.67157, 8.27817],
							"size": [4, 7, 1],
							"pivot": [-8.5, 9.17157, 8.77817],
							"rotation": [-45, 0, 0],
							"uv": {
								"north": {"uv": [76, 74], "uv_size": [-4, 7]},
								"east": {"uv": [76, 81], "uv_size": [-1, 7]},
								"south": {"uv": [4, 75], "uv_size": [-4, 7]},
								"west": {"uv": [46, 11], "uv_size": [-1, 7]},
								"up": {"uv": [88, 51], "uv_size": [-4, 1]},
								"down": {"uv": [88, 77], "uv_size": [-4, -1]}
							}
						},
						{
							"origin": [-11, 4.05025, 5.94975],
							"size": [4, 3, 1],
							"uv": {
								"north": {"uv": [54, 79], "uv_size": [-4, 3]},
								"east": {"uv": [72, 87], "uv_size": [-1, 3]},
								"south": {"uv": [60, 79], "uv_size": [-4, 3]},
								"west": {"uv": [71, 87], "uv_size": [-1, 3]},
								"up": {"uv": [89, 37], "uv_size": [-4, 1]},
								"down": {"uv": [89, 39], "uv_size": [-4, -1]}
							}
						},
						{
							"origin": [-11, 4.05025, -5.05025],
							"size": [4, 1, 11],
							"uv": {
								"north": {"uv": [89, 85], "uv_size": [-4, 1]},
								"east": {"uv": [91, 66], "uv_size": [-11, 1]},
								"south": {"uv": [4, 86], "uv_size": [-4, 1]},
								"west": {"uv": [91, 62], "uv_size": [-11, 1]},
								"up": {"uv": [73, 25], "uv_size": [-4, 11]},
								"down": {"uv": [30, 80], "uv_size": [-4, -11]}
							}
						},
						{
							"origin": [-11, 8.67157, -11.37868],
							"size": [4, 1, 7],
							"pivot": [-8.5, 9.17157, -7.87868],
							"rotation": [-45, 0, 0],
							"uv": {
								"north": {"uv": [88, 13], "uv_size": [-4, 1]},
								"east": {"uv": [88, 82], "uv_size": [-7, 1]},
								"south": {"uv": [88, 14], "uv_size": [-4, 1]},
								"west": {"uv": [30, 59], "uv_size": [-7, 1]},
								"up": {"uv": [68, 74], "uv_size": [-4, 7]},
								"down": {"uv": [72, 81], "uv_size": [-4, -7]}
							}
						},
						{
							"origin": [-11, 4.05025, -6.05025],
							"size": [4, 3, 1],
							"uv": {
								"north": {"uv": [18, 45], "uv_size": [-4, 3]},
								"east": {"uv": [70, 87], "uv_size": [-1, 3]},
								"south": {"uv": [18, 48], "uv_size": [-4, 3]},
								"west": {"uv": [14, 56], "uv_size": [-1, 3]},
								"up": {"uv": [4, 85], "uv_size": [-4, 1]},
								"down": {"uv": [89, 37], "uv_size": [-4, -1]}
							}
						},
						{
							"origin": [-11, 11, -18],
							"size": [4, 1, 8],
							"uv": {
								"north": {"uv": [73, 85], "uv_size": [-4, 1]},
								"east": {"uv": [89, 43], "uv_size": [-8, 1]},
								"south": {"uv": [89, 84], "uv_size": [-4, 1]},
								"west": {"uv": [68, 21], "uv_size": [-8, 1]},
								"up": {"uv": [54, 71], "uv_size": [-4, 8]},
								"down": {"uv": [77, 33], "uv_size": [-4, -8]}
							}
						}
					]
				},
				{
					"name": "group",
					"parent": "root",
					"pivot": [8, 11.5, 21]
				},
				{
					"name": "handle",
					"parent": "root",
					"pivot": [2.85294, 14.21778, 4.01562],
					"cubes": [
						{
							"origin": [5.5, 12.71778, 3.71562],
							"size": [1, 3, 1],
							"uv": {
								"north": {"uv": [84, 87], "uv_size": [1, 3]},
								"east": {"uv": [85, 87], "uv_size": [1, 3]},
								"south": {"uv": [86, 87], "uv_size": [1, 3]},
								"west": {"uv": [87, 87], "uv_size": [1, 3]},
								"up": {"uv": [68, 21], "uv_size": [1, 1]},
								"down": {"uv": [77, 59], "uv_size": [1, -1]}
							}
						},
						{
							"origin": [-0.25, 13.71778, 3.71562],
							"size": [6, 1, 1],
							"uv": {
								"north": {"uv": [84, 3], "uv_size": [6, 1]},
								"east": {"uv": [33, 90], "uv_size": [1, 1]},
								"south": {"uv": [84, 4], "uv_size": [6, 1]},
								"west": {"uv": [90, 42], "uv_size": [1, 1]},
								"up": {"uv": [84, 5], "uv_size": [6, 1]},
								"down": {"uv": [84, 7], "uv_size": [6, -1]}
							}
						},
						{
							"origin": [2.25, 13.71778, 0.71562],
							"size": [1, 1, 3],
							"uv": {
								"north": {"uv": [43, 90], "uv_size": [1, 1]},
								"east": {"uv": [20, 68], "uv_size": [3, 1]},
								"south": {"uv": [44, 90], "uv_size": [1, 1]},
								"west": {"uv": [87, 29], "uv_size": [3, 1]},
								"up": {"uv": [0, 88], "uv_size": [1, 3]},
								"down": {"uv": [1, 91], "uv_size": [1, -3]}
							}
						},
						{
							"origin": [-0.74264, 12.71778, 3.71562],
							"size": [1, 3, 1],
							"uv": {
								"north": {"uv": [2, 88], "uv_size": [1, 3]},
								"east": {"uv": [3, 88], "uv_size": [1, 3]},
								"south": {"uv": [88, 8], "uv_size": [1, 3]},
								"west": {"uv": [9, 88], "uv_size": [1, 3]},
								"up": {"uv": [45, 90], "uv_size": [1, 1]},
								"down": {"uv": [90, 47], "uv_size": [1, -1]}
							}
						},
						{
							"origin": [1.37868, 16.8391, 3.71562],
							"size": [3, 1, 1],
							"pivot": [2.87868, 14.21778, 3.21562],
							"rotation": [0, 0, 45],
							"uv": {
								"north": {"uv": [87, 59], "uv_size": [3, 1]},
								"east": {"uv": [90, 47], "uv_size": [1, 1]},
								"south": {"uv": [87, 60], "uv_size": [3, 1]},
								"west": {"uv": [90, 48], "uv_size": [1, 1]},
								"up": {"uv": [87, 81], "uv_size": [3, 1]},
								"down": {"uv": [10, 89], "uv_size": [3, -1]}
							}
						},
						{
							"origin": [1.37868, 10.59646, 3.71562],
							"size": [3, 1, 1],
							"pivot": [2.87868, 14.21778, 3.21562],
							"rotation": [0, 0, 45],
							"uv": {
								"north": {"uv": [88, 11], "uv_size": [3, 1]},
								"east": {"uv": [49, 90], "uv_size": [1, 1]},
								"south": {"uv": [13, 88], "uv_size": [3, 1]},
								"west": {"uv": [90, 49], "uv_size": [1, 1]},
								"up": {"uv": [88, 13], "uv_size": [3, 1]},
								"down": {"uv": [88, 15], "uv_size": [3, -1]}
							}
						},
						{
							"origin": [1.37868, 16.8391, 3.71562],
							"size": [3, 1, 1],
							"pivot": [2.87868, 14.21778, 3.21562],
							"rotation": [0, 0, -45],
							"uv": {
								"north": {"uv": [88, 22], "uv_size": [3, 1]},
								"east": {"uv": [90, 50], "uv_size": [1, 1]},
								"south": {"uv": [88, 23], "uv_size": [3, 1]},
								"west": {"uv": [90, 52], "uv_size": [1, 1]},
								"up": {"uv": [88, 24], "uv_size": [3, 1]},
								"down": {"uv": [88, 26], "uv_size": [3, -1]}
							}
						},
						{
							"origin": [1.37868, 10.59646, 3.71562],
							"size": [3, 1, 1],
							"pivot": [2.87868, 14.21778, 3.21562],
							"rotation": [0, 0, -45],
							"uv": {
								"north": {"uv": [88, 51], "uv_size": [3, 1]},
								"east": {"uv": [90, 53], "uv_size": [1, 1]},
								"south": {"uv": [88, 76], "uv_size": [3, 1]},
								"west": {"uv": [54, 90], "uv_size": [1, 1]},
								"up": {"uv": [88, 82], "uv_size": [3, 1]},
								"down": {"uv": [88, 84], "uv_size": [3, -1]}
							}
						},
						{
							"origin": [1.37868, 16.8391, 3.71562],
							"size": [3, 1, 1],
							"uv": {
								"north": {"uv": [88, 87], "uv_size": [3, 1]},
								"east": {"uv": [90, 54], "uv_size": [1, 1]},
								"south": {"uv": [88, 88], "uv_size": [3, 1]},
								"west": {"uv": [55, 90], "uv_size": [1, 1]},
								"up": {"uv": [4, 89], "uv_size": [3, 1]},
								"down": {"uv": [89, 9], "uv_size": [3, -1]}
							}
						},
						{
							"origin": [1.37868, 10.59646, 3.71562],
							"size": [3, 1, 1],
							"uv": {
								"north": {"uv": [89, 9], "uv_size": [3, 1]},
								"east": {"uv": [90, 55], "uv_size": [1, 1]},
								"south": {"uv": [10, 89], "uv_size": [3, 1]},
								"west": {"uv": [90, 56], "uv_size": [1, 1]},
								"up": {"uv": [89, 10], "uv_size": [3, 1]},
								"down": {"uv": [13, 90], "uv_size": [3, -1]}
							}
						}
					]
				},
				{
					"name": "chair6",
					"parent": "root",
					"pivot": [0, 49.875, -4],
					"cubes": [
						{
							"origin": [-6.5, 10, 10.5],
							"size": [13, 7, 2],
							"uv": {
								"north": {"uv": [32, 11], "uv_size": [13, 7]},
								"east": {"uv": [39, 79], "uv_size": [2, 7]},
								"south": {"uv": [0, 56], "uv_size": [13, 7]},
								"west": {"uv": [79, 39], "uv_size": [2, 7]},
								"up": {"uv": [71, 48], "uv_size": [13, 2]},
								"down": {"uv": [71, 52], "uv_size": [13, -2]}
							}
						},
						{
							"origin": [-5.5, 11, 11],
							"size": [11, 7, 2],
							"uv": {
								"north": {"uv": [66, 52], "uv_size": [11, 7]},
								"east": {"uv": [41, 79], "uv_size": [2, 7]},
								"south": {"uv": [67, 59], "uv_size": [11, 7]},
								"west": {"uv": [43, 79], "uv_size": [2, 7]},
								"up": {"uv": [75, 46], "uv_size": [11, 2]},
								"down": {"uv": [77, 26], "uv_size": [11, -2]}
							}
						},
						{
							"origin": [-6.5, 8, 3],
							"size": [13, 2, 9],
							"uv": {
								"north": {"uv": [73, 33], "uv_size": [13, 2]},
								"east": {"uv": [77, 30], "uv_size": [9, 2]},
								"south": {"uv": [75, 22], "uv_size": [13, 2]},
								"west": {"uv": [77, 52], "uv_size": [9, 2]},
								"up": {"uv": [30, 51], "uv_size": [13, 9]},
								"down": {"uv": [43, 63], "uv_size": [13, -9]}
							}
						}
					]
				},
				{
					"name": "p_backmount3",
					"parent": "chair6",
					"pivot": [5, 48.875, -7]
				},
				{
					"name": "p_backmount4",
					"parent": "chair6",
					"pivot": [-6, 48.875, -7]
				},
				{
					"name": "wheel2",
					"parent": "root",
					"pivot": [8.82353, 4.82843, 14.00461],
					"cubes": [
						{
							"origin": [8, 0, 12],
							"size": [2, 1, 4],
							"uv": {
								"north": {"uv": [11, 67], "uv_size": [2, 1]},
								"east": {"uv": [86, 52], "uv_size": [4, 1]},
								"south": {"uv": [75, 24], "uv_size": [2, 1]},
								"west": {"uv": [86, 53], "uv_size": [4, 1]},
								"up": {"uv": [11, 63], "uv_size": [2, 4]},
								"down": {"uv": [69, 85], "uv_size": [2, -4]}
							}
						},
						{
							"origin": [8.5, 1, 13.75],
							"size": [1, 4, 0.5],
							"uv": {
								"north": {"uv": [77, 54], "uv_size": [1, 4]},
								"east": {"uv": [4, 85], "uv_size": [1, 4]},
								"south": {"uv": [5, 85], "uv_size": [1, 4]},
								"west": {"uv": [6, 85], "uv_size": [1, 4]},
								"up": {"uv": [90, 59], "uv_size": [1, 1]},
								"down": {"uv": [60, 91], "uv_size": [1, -1]}
							}
						},
						{
							"origin": [8.5, 4.65685, 13.75],
							"size": [1, 4, 0.5],
							"uv": {
								"north": {"uv": [73, 85], "uv_size": [1, 4]},
								"east": {"uv": [74, 85], "uv_size": [1, 4]},
								"south": {"uv": [23, 86], "uv_size": [1, 4]},
								"west": {"uv": [24, 86], "uv_size": [1, 4]},
								"up": {"uv": [90, 60], "uv_size": [1, 1]},
								"down": {"uv": [61, 91], "uv_size": [1, -1]}
							}
						},
						{
							"origin": [8.5, 4.57843, 13.82843],
							"size": [1, 0.5, 4],
							"uv": {
								"north": {"uv": [90, 61], "uv_size": [1, 1]},
								"east": {"uv": [86, 54], "uv_size": [4, 1]},
								"south": {"uv": [62, 90], "uv_size": [1, 1]},
								"west": {"uv": [86, 55], "uv_size": [4, 1]},
								"up": {"uv": [43, 86], "uv_size": [1, 4]},
								"down": {"uv": [44, 90], "uv_size": [1, -4]}
							}
						},
						{
							"origin": [8.5, 4.57843, 10.17157],
							"size": [1, 0.5, 4],
							"uv": {
								"north": {"uv": [63, 90], "uv_size": [1, 1]},
								"east": {"uv": [56, 86], "uv_size": [4, 1]},
								"south": {"uv": [64, 90], "uv_size": [1, 1]},
								"west": {"uv": [86, 56], "uv_size": [4, 1]},
								"up": {"uv": [86, 57], "uv_size": [1, 4]},
								"down": {"uv": [60, 90], "uv_size": [1, -4]}
							}
						},
						{
							"origin": [8.5, 4.57843, 13.82843],
							"size": [1, 0.5, 4],
							"pivot": [9, 4.82843, 14],
							"rotation": [-45, 0, 0],
							"uv": {
								"north": {"uv": [65, 90], "uv_size": [1, 1]},
								"east": {"uv": [86, 61], "uv_size": [4, 1]},
								"south": {"uv": [66, 90], "uv_size": [1, 1]},
								"west": {"uv": [69, 86], "uv_size": [4, 1]},
								"up": {"uv": [61, 86], "uv_size": [1, 4]},
								"down": {"uv": [62, 90], "uv_size": [1, -4]}
							}
						},
						{
							"origin": [8.5, 4.57843, 10.17157],
							"size": [1, 0.5, 4],
							"pivot": [9, 4.82843, 14],
							"rotation": [-45, 0, 0],
							"uv": {
								"north": {"uv": [67, 90], "uv_size": [1, 1]},
								"east": {"uv": [86, 73], "uv_size": [4, 1]},
								"south": {"uv": [68, 90], "uv_size": [1, 1]},
								"west": {"uv": [86, 74], "uv_size": [4, 1]},
								"up": {"uv": [63, 86], "uv_size": [1, 4]},
								"down": {"uv": [76, 90], "uv_size": [1, -4]}
							}
						},
						{
							"origin": [8.5, 4.57843, 13.82843],
							"size": [1, 0.5, 4],
							"pivot": [9, 4.82843, 14],
							"rotation": [45, 0, 0],
							"uv": {
								"north": {"uv": [69, 90], "uv_size": [1, 1]},
								"east": {"uv": [86, 75], "uv_size": [4, 1]},
								"south": {"uv": [70, 90], "uv_size": [1, 1]},
								"west": {"uv": [85, 86], "uv_size": [4, 1]},
								"up": {"uv": [77, 86], "uv_size": [1, 4]},
								"down": {"uv": [79, 90], "uv_size": [1, -4]}
							}
						},
						{
							"origin": [8.5, 4.57843, 10.17157],
							"size": [1, 0.5, 4],
							"pivot": [9, 4.82843, 14],
							"rotation": [45, 0, 0],
							"uv": {
								"north": {"uv": [71, 90], "uv_size": [1, 1]},
								"east": {"uv": [0, 87], "uv_size": [4, 1]},
								"south": {"uv": [90, 71], "uv_size": [1, 1]},
								"west": {"uv": [87, 7], "uv_size": [4, 1]},
								"up": {"uv": [80, 86], "uv_size": [1, 4]},
								"down": {"uv": [87, 12], "uv_size": [1, -4]}
							}
						},
						{
							"origin": [8, 2.82843, 14.82843],
							"size": [2, 1, 4],
							"pivot": [9, 2.82843, 18.82843],
							"rotation": [45, 0, 0],
							"uv": {
								"north": {"uv": [89, 85], "uv_size": [2, 1]},
								"east": {"uv": [9, 87], "uv_size": [4, 1]},
								"south": {"uv": [89, 86], "uv_size": [2, 1]},
								"west": {"uv": [87, 12], "uv_size": [4, 1]},
								"up": {"uv": [71, 81], "uv_size": [2, 4]},
								"down": {"uv": [73, 85], "uv_size": [2, -4]}
							}
						},
						{
							"origin": [8, 8.65685, 12],
							"size": [2, 1, 4],
							"uv": {
								"north": {"uv": [88, 89], "uv_size": [2, 1]},
								"east": {"uv": [13, 87], "uv_size": [4, 1]},
								"south": {"uv": [90, 3], "uv_size": [2, 1]},
								"west": {"uv": [87, 26], "uv_size": [4, 1]},
								"up": {"uv": [9, 82], "uv_size": [2, 4]},
								"down": {"uv": [11, 86], "uv_size": [2, -4]}
							}
						},
						{
							"origin": [8, -0.23223, 10.43934],
							"size": [2, 4, 1],
							"pivot": [8.5, 1.76777, 10.93934],
							"rotation": [45, 0, 0],
							"uv": {
								"north": {"uv": [13, 82], "uv_size": [2, 4]},
								"east": {"uv": [29, 87], "uv_size": [1, 4]},
								"south": {"uv": [15, 82], "uv_size": [2, 4]},
								"west": {"uv": [30, 87], "uv_size": [1, 4]},
								"up": {"uv": [4, 90], "uv_size": [2, 1]},
								"down": {"uv": [90, 5], "uv_size": [2, -1]}
							}
						},
						{
							"origin": [8, -0.47487, 19.1967],
							"size": [2, 4, 1],
							"pivot": [8.5, 1.52513, 10.6967],
							"rotation": [45, 0, 0],
							"uv": {
								"north": {"uv": [50, 82], "uv_size": [2, 4]},
								"east": {"uv": [31, 87], "uv_size": [1, 4]},
								"south": {"uv": [52, 82], "uv_size": [2, 4]},
								"west": {"uv": [32, 87], "uv_size": [1, 4]},
								"up": {"uv": [90, 5], "uv_size": [2, 1]},
								"down": {"uv": [6, 91], "uv_size": [2, -1]}
							}
						},
						{
							"origin": [8, 2.82843, 9.17157],
							"size": [2, 4, 1],
							"uv": {
								"north": {"uv": [56, 82], "uv_size": [2, 4]},
								"east": {"uv": [39, 87], "uv_size": [1, 4]},
								"south": {"uv": [58, 82], "uv_size": [2, 4]},
								"west": {"uv": [40, 87], "uv_size": [1, 4]},
								"up": {"uv": [90, 6], "uv_size": [2, 1]},
								"down": {"uv": [10, 91], "uv_size": [2, -1]}
							}
						},
						{
							"origin": [8, 2.82843, 17.82843],
							"size": [2, 4, 1],
							"uv": {
								"north": {"uv": [60, 82], "uv_size": [2, 4]},
								"east": {"uv": [41, 87], "uv_size": [1, 4]},
								"south": {"uv": [62, 82], "uv_size": [2, 4]},
								"west": {"uv": [42, 87], "uv_size": [1, 4]},
								"up": {"uv": [12, 90], "uv_size": [2, 1]},
								"down": {"uv": [14, 91], "uv_size": [2, -1]}
							}
						},
						{
							"origin": [8, 5.88909, 10.43934],
							"size": [2, 4, 1],
							"pivot": [8.5, 7.88909, 10.93934],
							"rotation": [-45, 0, 0],
							"uv": {
								"north": {"uv": [82, 73], "uv_size": [2, 4]},
								"east": {"uv": [50, 87], "uv_size": [1, 4]},
								"south": {"uv": [79, 82], "uv_size": [2, 4]},
								"west": {"uv": [51, 87], "uv_size": [1, 4]},
								"up": {"uv": [18, 90], "uv_size": [2, 1]},
								"down": {"uv": [20, 91], "uv_size": [2, -1]}
							}
						},
						{
							"origin": [4.5, 4.32843, 13.57843],
							"size": [3, 1, 1],
							"uv": {
								"north": {"uv": [89, 27], "uv_size": [3, 1]},
								"east": {"uv": [72, 90], "uv_size": [1, 1]},
								"south": {"uv": [89, 28], "uv_size": [3, 1]},
								"west": {"uv": [90, 72], "uv_size": [1, 1]},
								"up": {"uv": [89, 36], "uv_size": [3, 1]},
								"down": {"uv": [89, 38], "uv_size": [3, -1]}
							}
						}
					]
				},
				{
					"name": "wheel3",
					"parent": "root",
					"pivot": [-8.82353, 4.82843, 14.00461],
					"cubes": [
						{
							"origin": [-10, 0, 12],
							"size": [2, 1, 4],
							"uv": {
								"north": {"uv": [13, 67], "uv_size": [-2, 1]},
								"east": {"uv": [90, 53], "uv_size": [-4, 1]},
								"south": {"uv": [77, 24], "uv_size": [-2, 1]},
								"west": {"uv": [90, 52], "uv_size": [-4, 1]},
								"up": {"uv": [13, 63], "uv_size": [-2, 4]},
								"down": {"uv": [71, 85], "uv_size": [-2, -4]}
							}
						},
						{
							"origin": [-9.5, 1, 13.75],
							"size": [1, 4, 0.5],
							"uv": {
								"north": {"uv": [78, 54], "uv_size": [-1, 4]},
								"east": {"uv": [7, 85], "uv_size": [-1, 4]},
								"south": {"uv": [6, 85], "uv_size": [-1, 4]},
								"west": {"uv": [5, 85], "uv_size": [-1, 4]},
								"up": {"uv": [91, 59], "uv_size": [-1, 1]},
								"down": {"uv": [61, 91], "uv_size": [-1, -1]}
							}
						},
						{
							"origin": [-9.5, 4.65685, 13.75],
							"size": [1, 4, 0.5],
							"uv": {
								"north": {"uv": [74, 85], "uv_size": [-1, 4]},
								"east": {"uv": [25, 86], "uv_size": [-1, 4]},
								"south": {"uv": [24, 86], "uv_size": [-1, 4]},
								"west": {"uv": [75, 85], "uv_size": [-1, 4]},
								"up": {"uv": [91, 60], "uv_size": [-1, 1]},
								"down": {"uv": [62, 91], "uv_size": [-1, -1]}
							}
						},
						{
							"origin": [-9.5, 4.57843, 13.82843],
							"size": [1, 0.5, 4],
							"uv": {
								"north": {"uv": [91, 61], "uv_size": [-1, 1]},
								"east": {"uv": [90, 55], "uv_size": [-4, 1]},
								"south": {"uv": [63, 90], "uv_size": [-1, 1]},
								"west": {"uv": [90, 54], "uv_size": [-4, 1]},
								"up": {"uv": [44, 86], "uv_size": [-1, 4]},
								"down": {"uv": [45, 90], "uv_size": [-1, -4]}
							}
						},
						{
							"origin": [-9.5, 4.57843, 10.17157],
							"size": [1, 0.5, 4],
							"uv": {
								"north": {"uv": [64, 90], "uv_size": [-1, 1]},
								"east": {"uv": [90, 56], "uv_size": [-4, 1]},
								"south": {"uv": [65, 90], "uv_size": [-1, 1]},
								"west": {"uv": [60, 86], "uv_size": [-4, 1]},
								"up": {"uv": [87, 57], "uv_size": [-1, 4]},
								"down": {"uv": [61, 90], "uv_size": [-1, -4]}
							}
						},
						{
							"origin": [-9.5, 4.57843, 13.82843],
							"size": [1, 0.5, 4],
							"pivot": [-9, 4.82843, 14],
							"rotation": [-45, 0, 0],
							"uv": {
								"north": {"uv": [66, 90], "uv_size": [-1, 1]},
								"east": {"uv": [73, 86], "uv_size": [-4, 1]},
								"south": {"uv": [67, 90], "uv_size": [-1, 1]},
								"west": {"uv": [90, 61], "uv_size": [-4, 1]},
								"up": {"uv": [62, 86], "uv_size": [-1, 4]},
								"down": {"uv": [63, 90], "uv_size": [-1, -4]}
							}
						},
						{
							"origin": [-9.5, 4.57843, 10.17157],
							"size": [1, 0.5, 4],
							"pivot": [-9, 4.82843, 14],
							"rotation": [-45, 0, 0],
							"uv": {
								"north": {"uv": [68, 90], "uv_size": [-1, 1]},
								"east": {"uv": [90, 74], "uv_size": [-4, 1]},
								"south": {"uv": [69, 90], "uv_size": [-1, 1]},
								"west": {"uv": [90, 73], "uv_size": [-4, 1]},
								"up": {"uv": [64, 86], "uv_size": [-1, 4]},
								"down": {"uv": [77, 90], "uv_size": [-1, -4]}
							}
						},
						{
							"origin": [-9.5, 4.57843, 13.82843],
							"size": [1, 0.5, 4],
							"pivot": [-9, 4.82843, 14],
							"rotation": [45, 0, 0],
							"uv": {
								"north": {"uv": [70, 90], "uv_size": [-1, 1]},
								"east": {"uv": [89, 86], "uv_size": [-4, 1]},
								"south": {"uv": [71, 90], "uv_size": [-1, 1]},
								"west": {"uv": [90, 75], "uv_size": [-4, 1]},
								"up": {"uv": [78, 86], "uv_size": [-1, 4]},
								"down": {"uv": [80, 90], "uv_size": [-1, -4]}
							}
						},
						{
							"origin": [-9.5, 4.57843, 10.17157],
							"size": [1, 0.5, 4],
							"pivot": [-9, 4.82843, 14],
							"rotation": [45, 0, 0],
							"uv": {
								"north": {"uv": [72, 90], "uv_size": [-1, 1]},
								"east": {"uv": [91, 7], "uv_size": [-4, 1]},
								"south": {"uv": [91, 71], "uv_size": [-1, 1]},
								"west": {"uv": [4, 87], "uv_size": [-4, 1]},
								"up": {"uv": [81, 86], "uv_size": [-1, 4]},
								"down": {"uv": [88, 12], "uv_size": [-1, -4]}
							}
						},
						{
							"origin": [-10, 2.82843, 14.82843],
							"size": [2, 1, 4],
							"pivot": [-9, 2.82843, 18.82843],
							"rotation": [45, 0, 0],
							"uv": {
								"north": {"uv": [91, 85], "uv_size": [-2, 1]},
								"east": {"uv": [91, 12], "uv_size": [-4, 1]},
								"south": {"uv": [91, 86], "uv_size": [-2, 1]},
								"west": {"uv": [13, 87], "uv_size": [-4, 1]},
								"up": {"uv": [73, 81], "uv_size": [-2, 4]},
								"down": {"uv": [75, 85], "uv_size": [-2, -4]}
							}
						},
						{
							"origin": [-10, 8.65685, 12],
							"size": [2, 1, 4],
							"uv": {
								"north": {"uv": [90, 89], "uv_size": [-2, 1]},
								"east": {"uv": [91, 26], "uv_size": [-4, 1]},
								"south": {"uv": [92, 3], "uv_size": [-2, 1]},
								"west": {"uv": [17, 87], "uv_size": [-4, 1]},
								"up": {"uv": [11, 82], "uv_size": [-2, 4]},
								"down": {"uv": [13, 86], "uv_size": [-2, -4]}
							}
						},
						{
							"origin": [-10, -0.23223, 10.43934],
							"size": [2, 4, 1],
							"pivot": [-8.5, 1.76777, 10.93934],
							"rotation": [45, 0, 0],
							"uv": {
								"north": {"uv": [15, 82], "uv_size": [-2, 4]},
								"east": {"uv": [31, 87], "uv_size": [-1, 4]},
								"south": {"uv": [17, 82], "uv_size": [-2, 4]},
								"west": {"uv": [30, 87], "uv_size": [-1, 4]},
								"up": {"uv": [6, 90], "uv_size": [-2, 1]},
								"down": {"uv": [92, 5], "uv_size": [-2, -1]}
							}
						},
						{
							"origin": [-10, -0.47487, 19.1967],
							"size": [2, 4, 1],
							"pivot": [-8.5, 1.52513, 10.6967],
							"rotation": [45, 0, 0],
							"uv": {
								"north": {"uv": [52, 82], "uv_size": [-2, 4]},
								"east": {"uv": [33, 87], "uv_size": [-1, 4]},
								"south": {"uv": [54, 82], "uv_size": [-2, 4]},
								"west": {"uv": [32, 87], "uv_size": [-1, 4]},
								"up": {"uv": [92, 5], "uv_size": [-2, 1]},
								"down": {"uv": [8, 91], "uv_size": [-2, -1]}
							}
						},
						{
							"origin": [-10, 2.82843, 9.17157],
							"size": [2, 4, 1],
							"uv": {
								"north": {"uv": [58, 82], "uv_size": [-2, 4]},
								"east": {"uv": [41, 87], "uv_size": [-1, 4]},
								"south": {"uv": [60, 82], "uv_size": [-2, 4]},
								"west": {"uv": [40, 87], "uv_size": [-1, 4]},
								"up": {"uv": [92, 6], "uv_size": [-2, 1]},
								"down": {"uv": [12, 91], "uv_size": [-2, -1]}
							}
						},
						{
							"origin": [-10, 2.82843, 17.82843],
							"size": [2, 4, 1],
							"uv": {
								"north": {"uv": [62, 82], "uv_size": [-2, 4]},
								"east": {"uv": [43, 87], "uv_size": [-1, 4]},
								"south": {"uv": [64, 82], "uv_size": [-2, 4]},
								"west": {"uv": [42, 87], "uv_size": [-1, 4]},
								"up": {"uv": [14, 90], "uv_size": [-2, 1]},
								"down": {"uv": [16, 91], "uv_size": [-2, -1]}
							}
						},
						{
							"origin": [-10, 5.88909, 10.43934],
							"size": [2, 4, 1],
							"pivot": [-8.5, 7.88909, 10.93934],
							"rotation": [-45, 0, 0],
							"uv": {
								"north": {"uv": [84, 73], "uv_size": [-2, 4]},
								"east": {"uv": [52, 87], "uv_size": [-1, 4]},
								"south": {"uv": [81, 82], "uv_size": [-2, 4]},
								"west": {"uv": [51, 87], "uv_size": [-1, 4]},
								"up": {"uv": [20, 90], "uv_size": [-2, 1]},
								"down": {"uv": [22, 91], "uv_size": [-2, -1]}
							}
						},
						{
							"origin": [-7.5, 4.32843, 13.57843],
							"size": [3, 1, 1],
							"uv": {
								"north": {"uv": [92, 27], "uv_size": [-3, 1]},
								"east": {"uv": [91, 72], "uv_size": [-1, 1]},
								"south": {"uv": [92, 28], "uv_size": [-3, 1]},
								"west": {"uv": [73, 90], "uv_size": [-1, 1]},
								"up": {"uv": [92, 36], "uv_size": [-3, 1]},
								"down": {"uv": [92, 38], "uv_size": [-3, -1]}
							}
						}
					]
				},
				{
					"name": "wheel4",
					"parent": "root",
					"pivot": [9, 4.82843, -14.00461],
					"cubes": [
						{
							"origin": [8, 0, -16],
							"size": [2, 1, 4],
							"uv": {
								"north": {"uv": [11, 67], "uv_size": [2, 1]},
								"east": {"uv": [86, 52], "uv_size": [4, 1]},
								"south": {"uv": [75, 24], "uv_size": [2, 1]},
								"west": {"uv": [86, 53], "uv_size": [4, 1]},
								"up": {"uv": [11, 63], "uv_size": [2, 4]},
								"down": {"uv": [69, 85], "uv_size": [2, -4]}
							}
						},
						{
							"origin": [8.5, 1, -14.25],
							"size": [1, 4, 0.5],
							"uv": {
								"north": {"uv": [77, 54], "uv_size": [1, 4]},
								"east": {"uv": [4, 85], "uv_size": [1, 4]},
								"south": {"uv": [5, 85], "uv_size": [1, 4]},
								"west": {"uv": [6, 85], "uv_size": [1, 4]},
								"up": {"uv": [90, 59], "uv_size": [1, 1]},
								"down": {"uv": [60, 91], "uv_size": [1, -1]}
							}
						},
						{
							"origin": [7.5, 4.07843, -14.82843],
							"size": [3, 1.5, 1.5],
							"uv": {
								"north": {"uv": [66, 6], "uv_size": [3, 2]},
								"east": {"uv": [69, 36], "uv_size": [2, 2]},
								"south": {"uv": [70, 15], "uv_size": [3, 2]},
								"west": {"uv": [73, 15], "uv_size": [2, 2]},
								"up": {"uv": [64, 72], "uv_size": [3, 2]},
								"down": {"uv": [84, 9], "uv_size": [3, -2]}
							}
						},
						{
							"origin": [8.5, 4.65685, -14.25],
							"size": [1, 4, 0.5],
							"uv": {
								"north": {"uv": [73, 85], "uv_size": [1, 4]},
								"east": {"uv": [74, 85], "uv_size": [1, 4]},
								"south": {"uv": [23, 86], "uv_size": [1, 4]},
								"west": {"uv": [24, 86], "uv_size": [1, 4]},
								"up": {"uv": [90, 60], "uv_size": [1, 1]},
								"down": {"uv": [61, 91], "uv_size": [1, -1]}
							}
						},
						{
							"origin": [8.5, 4.57843, -14.17157],
							"size": [1, 0.5, 4],
							"uv": {
								"north": {"uv": [90, 61], "uv_size": [1, 1]},
								"east": {"uv": [86, 54], "uv_size": [4, 1]},
								"south": {"uv": [62, 90], "uv_size": [1, 1]},
								"west": {"uv": [86, 55], "uv_size": [4, 1]},
								"up": {"uv": [43, 86], "uv_size": [1, 4]},
								"down": {"uv": [44, 90], "uv_size": [1, -4]}
							}
						},
						{
							"origin": [8.5, 4.57843, -17.82843],
							"size": [1, 0.5, 4],
							"uv": {
								"north": {"uv": [63, 90], "uv_size": [1, 1]},
								"east": {"uv": [56, 86], "uv_size": [4, 1]},
								"south": {"uv": [64, 90], "uv_size": [1, 1]},
								"west": {"uv": [86, 56], "uv_size": [4, 1]},
								"up": {"uv": [86, 57], "uv_size": [1, 4]},
								"down": {"uv": [60, 90], "uv_size": [1, -4]}
							}
						},
						{
							"origin": [8.5, 4.57843, -14.17157],
							"size": [1, 0.5, 4],
							"pivot": [9, 4.82843, -14],
							"rotation": [-45, 0, 0],
							"uv": {
								"north": {"uv": [65, 90], "uv_size": [1, 1]},
								"east": {"uv": [86, 61], "uv_size": [4, 1]},
								"south": {"uv": [66, 90], "uv_size": [1, 1]},
								"west": {"uv": [69, 86], "uv_size": [4, 1]},
								"up": {"uv": [61, 86], "uv_size": [1, 4]},
								"down": {"uv": [62, 90], "uv_size": [1, -4]}
							}
						},
						{
							"origin": [8.5, 4.57843, -17.82843],
							"size": [1, 0.5, 4],
							"pivot": [9, 4.82843, -14],
							"rotation": [-45, 0, 0],
							"uv": {
								"north": {"uv": [67, 90], "uv_size": [1, 1]},
								"east": {"uv": [86, 73], "uv_size": [4, 1]},
								"south": {"uv": [68, 90], "uv_size": [1, 1]},
								"west": {"uv": [86, 74], "uv_size": [4, 1]},
								"up": {"uv": [63, 86], "uv_size": [1, 4]},
								"down": {"uv": [76, 90], "uv_size": [1, -4]}
							}
						},
						{
							"origin": [8.5, 4.57843, -14.17157],
							"size": [1, 0.5, 4],
							"pivot": [9, 4.82843, -14],
							"rotation": [45, 0, 0],
							"uv": {
								"north": {"uv": [69, 90], "uv_size": [1, 1]},
								"east": {"uv": [86, 75], "uv_size": [4, 1]},
								"south": {"uv": [70, 90], "uv_size": [1, 1]},
								"west": {"uv": [85, 86], "uv_size": [4, 1]},
								"up": {"uv": [77, 86], "uv_size": [1, 4]},
								"down": {"uv": [79, 90], "uv_size": [1, -4]}
							}
						},
						{
							"origin": [8.5, 4.57843, -17.82843],
							"size": [1, 0.5, 4],
							"pivot": [9, 4.82843, -14],
							"rotation": [45, 0, 0],
							"uv": {
								"north": {"uv": [71, 90], "uv_size": [1, 1]},
								"east": {"uv": [0, 87], "uv_size": [4, 1]},
								"south": {"uv": [90, 71], "uv_size": [1, 1]},
								"west": {"uv": [87, 7], "uv_size": [4, 1]},
								"up": {"uv": [80, 86], "uv_size": [1, 4]},
								"down": {"uv": [87, 12], "uv_size": [1, -4]}
							}
						},
						{
							"origin": [8, 2.82843, -13.17157],
							"size": [2, 1, 4],
							"pivot": [9, 2.82843, -9.17157],
							"rotation": [45, 0, 0],
							"uv": {
								"north": {"uv": [89, 85], "uv_size": [2, 1]},
								"east": {"uv": [9, 87], "uv_size": [4, 1]},
								"south": {"uv": [89, 86], "uv_size": [2, 1]},
								"west": {"uv": [87, 12], "uv_size": [4, 1]},
								"up": {"uv": [71, 81], "uv_size": [2, 4]},
								"down": {"uv": [73, 85], "uv_size": [2, -4]}
							}
						},
						{
							"origin": [8, 8.65685, -16],
							"size": [2, 1, 4],
							"uv": {
								"north": {"uv": [88, 89], "uv_size": [2, 1]},
								"east": {"uv": [13, 87], "uv_size": [4, 1]},
								"south": {"uv": [90, 3], "uv_size": [2, 1]},
								"west": {"uv": [87, 26], "uv_size": [4, 1]},
								"up": {"uv": [9, 82], "uv_size": [2, 4]},
								"down": {"uv": [11, 86], "uv_size": [2, -4]}
							}
						},
						{
							"origin": [8, -0.23223, -17.56066],
							"size": [2, 4, 1],
							"pivot": [8.5, 1.76777, -17.06066],
							"rotation": [45, 0, 0],
							"uv": {
								"north": {"uv": [13, 82], "uv_size": [2, 4]},
								"east": {"uv": [29, 87], "uv_size": [1, 4]},
								"south": {"uv": [15, 82], "uv_size": [2, 4]},
								"west": {"uv": [30, 87], "uv_size": [1, 4]},
								"up": {"uv": [4, 90], "uv_size": [2, 1]},
								"down": {"uv": [90, 5], "uv_size": [2, -1]}
							}
						},
						{
							"origin": [8, -0.47487, -8.8033],
							"size": [2, 4, 1],
							"pivot": [8.5, 1.52513, -17.3033],
							"rotation": [45, 0, 0],
							"uv": {
								"north": {"uv": [50, 82], "uv_size": [2, 4]},
								"east": {"uv": [31, 87], "uv_size": [1, 4]},
								"south": {"uv": [52, 82], "uv_size": [2, 4]},
								"west": {"uv": [32, 87], "uv_size": [1, 4]},
								"up": {"uv": [90, 5], "uv_size": [2, 1]},
								"down": {"uv": [6, 91], "uv_size": [2, -1]}
							}
						},
						{
							"origin": [8, 2.82843, -18.82843],
							"size": [2, 4, 1],
							"uv": {
								"north": {"uv": [56, 82], "uv_size": [2, 4]},
								"east": {"uv": [39, 87], "uv_size": [1, 4]},
								"south": {"uv": [58, 82], "uv_size": [2, 4]},
								"west": {"uv": [40, 87], "uv_size": [1, 4]},
								"up": {"uv": [90, 6], "uv_size": [2, 1]},
								"down": {"uv": [10, 91], "uv_size": [2, -1]}
							}
						},
						{
							"origin": [8, 2.82843, -10.17157],
							"size": [2, 4, 1],
							"uv": {
								"north": {"uv": [60, 82], "uv_size": [2, 4]},
								"east": {"uv": [41, 87], "uv_size": [1, 4]},
								"south": {"uv": [62, 82], "uv_size": [2, 4]},
								"west": {"uv": [42, 87], "uv_size": [1, 4]},
								"up": {"uv": [12, 90], "uv_size": [2, 1]},
								"down": {"uv": [14, 91], "uv_size": [2, -1]}
							}
						},
						{
							"origin": [8, 5.88909, -17.56066],
							"size": [2, 4, 1],
							"pivot": [8.5, 7.88909, -17.06066],
							"rotation": [-45, 0, 0],
							"uv": {
								"north": {"uv": [82, 73], "uv_size": [2, 4]},
								"east": {"uv": [50, 87], "uv_size": [1, 4]},
								"south": {"uv": [79, 82], "uv_size": [2, 4]},
								"west": {"uv": [51, 87], "uv_size": [1, 4]},
								"up": {"uv": [18, 90], "uv_size": [2, 1]},
								"down": {"uv": [20, 91], "uv_size": [2, -1]}
							}
						}
					]
				},
				{
					"name": "wheel",
					"parent": "root",
					"pivot": [-9, 4.82843, -14.00461],
					"cubes": [
						{
							"origin": [-10, 0, -16],
							"size": [2, 1, 4],
							"uv": {
								"north": {"uv": [13, 67], "uv_size": [-2, 1]},
								"east": {"uv": [90, 53], "uv_size": [-4, 1]},
								"south": {"uv": [77, 24], "uv_size": [-2, 1]},
								"west": {"uv": [90, 52], "uv_size": [-4, 1]},
								"up": {"uv": [13, 63], "uv_size": [-2, 4]},
								"down": {"uv": [71, 85], "uv_size": [-2, -4]}
							}
						},
						{
							"origin": [-9.5, 1, -14.25],
							"size": [1, 4, 0.5],
							"uv": {
								"north": {"uv": [78, 54], "uv_size": [-1, 4]},
								"east": {"uv": [7, 85], "uv_size": [-1, 4]},
								"south": {"uv": [6, 85], "uv_size": [-1, 4]},
								"west": {"uv": [5, 85], "uv_size": [-1, 4]},
								"up": {"uv": [91, 59], "uv_size": [-1, 1]},
								"down": {"uv": [61, 91], "uv_size": [-1, -1]}
							}
						},
						{
							"origin": [-10.5, 4.07843, -14.82843],
							"size": [3, 1.5, 1.5],
							"uv": {
								"north": {"uv": [69, 6], "uv_size": [-3, 2]},
								"east": {"uv": [75, 15], "uv_size": [-2, 2]},
								"south": {"uv": [73, 15], "uv_size": [-3, 2]},
								"west": {"uv": [71, 36], "uv_size": [-2, 2]},
								"up": {"uv": [67, 72], "uv_size": [-3, 2]},
								"down": {"uv": [87, 9], "uv_size": [-3, -2]}
							}
						},
						{
							"origin": [-9.5, 4.65685, -14.25],
							"size": [1, 4, 0.5],
							"uv": {
								"north": {"uv": [74, 85], "uv_size": [-1, 4]},
								"east": {"uv": [25, 86], "uv_size": [-1, 4]},
								"south": {"uv": [24, 86], "uv_size": [-1, 4]},
								"west": {"uv": [75, 85], "uv_size": [-1, 4]},
								"up": {"uv": [91, 60], "uv_size": [-1, 1]},
								"down": {"uv": [62, 91], "uv_size": [-1, -1]}
							}
						},
						{
							"origin": [-9.5, 4.57843, -14.17157],
							"size": [1, 0.5, 4],
							"uv": {
								"north": {"uv": [91, 61], "uv_size": [-1, 1]},
								"east": {"uv": [90, 55], "uv_size": [-4, 1]},
								"south": {"uv": [63, 90], "uv_size": [-1, 1]},
								"west": {"uv": [90, 54], "uv_size": [-4, 1]},
								"up": {"uv": [44, 86], "uv_size": [-1, 4]},
								"down": {"uv": [45, 90], "uv_size": [-1, -4]}
							}
						},
						{
							"origin": [-9.5, 4.57843, -17.82843],
							"size": [1, 0.5, 4],
							"uv": {
								"north": {"uv": [64, 90], "uv_size": [-1, 1]},
								"east": {"uv": [90, 56], "uv_size": [-4, 1]},
								"south": {"uv": [65, 90], "uv_size": [-1, 1]},
								"west": {"uv": [60, 86], "uv_size": [-4, 1]},
								"up": {"uv": [87, 57], "uv_size": [-1, 4]},
								"down": {"uv": [61, 90], "uv_size": [-1, -4]}
							}
						},
						{
							"origin": [-9.5, 4.57843, -14.17157],
							"size": [1, 0.5, 4],
							"pivot": [-9, 4.82843, -14],
							"rotation": [-45, 0, 0],
							"uv": {
								"north": {"uv": [66, 90], "uv_size": [-1, 1]},
								"east": {"uv": [73, 86], "uv_size": [-4, 1]},
								"south": {"uv": [67, 90], "uv_size": [-1, 1]},
								"west": {"uv": [90, 61], "uv_size": [-4, 1]},
								"up": {"uv": [62, 86], "uv_size": [-1, 4]},
								"down": {"uv": [63, 90], "uv_size": [-1, -4]}
							}
						},
						{
							"origin": [-9.5, 4.57843, -17.82843],
							"size": [1, 0.5, 4],
							"pivot": [-9, 4.82843, -14],
							"rotation": [-45, 0, 0],
							"uv": {
								"north": {"uv": [68, 90], "uv_size": [-1, 1]},
								"east": {"uv": [90, 74], "uv_size": [-4, 1]},
								"south": {"uv": [69, 90], "uv_size": [-1, 1]},
								"west": {"uv": [90, 73], "uv_size": [-4, 1]},
								"up": {"uv": [64, 86], "uv_size": [-1, 4]},
								"down": {"uv": [77, 90], "uv_size": [-1, -4]}
							}
						},
						{
							"origin": [-9.5, 4.57843, -14.17157],
							"size": [1, 0.5, 4],
							"pivot": [-9, 4.82843, -14],
							"rotation": [45, 0, 0],
							"uv": {
								"north": {"uv": [70, 90], "uv_size": [-1, 1]},
								"east": {"uv": [89, 86], "uv_size": [-4, 1]},
								"south": {"uv": [71, 90], "uv_size": [-1, 1]},
								"west": {"uv": [90, 75], "uv_size": [-4, 1]},
								"up": {"uv": [78, 86], "uv_size": [-1, 4]},
								"down": {"uv": [80, 90], "uv_size": [-1, -4]}
							}
						},
						{
							"origin": [-9.5, 4.57843, -17.82843],
							"size": [1, 0.5, 4],
							"pivot": [-9, 4.82843, -14],
							"rotation": [45, 0, 0],
							"uv": {
								"north": {"uv": [72, 90], "uv_size": [-1, 1]},
								"east": {"uv": [91, 7], "uv_size": [-4, 1]},
								"south": {"uv": [91, 71], "uv_size": [-1, 1]},
								"west": {"uv": [4, 87], "uv_size": [-4, 1]},
								"up": {"uv": [81, 86], "uv_size": [-1, 4]},
								"down": {"uv": [88, 12], "uv_size": [-1, -4]}
							}
						},
						{
							"origin": [-10, 2.82843, -13.17157],
							"size": [2, 1, 4],
							"pivot": [-9, 2.82843, -9.17157],
							"rotation": [45, 0, 0],
							"uv": {
								"north": {"uv": [91, 85], "uv_size": [-2, 1]},
								"east": {"uv": [91, 12], "uv_size": [-4, 1]},
								"south": {"uv": [91, 86], "uv_size": [-2, 1]},
								"west": {"uv": [13, 87], "uv_size": [-4, 1]},
								"up": {"uv": [73, 81], "uv_size": [-2, 4]},
								"down": {"uv": [75, 85], "uv_size": [-2, -4]}
							}
						},
						{
							"origin": [-10, 8.65685, -16],
							"size": [2, 1, 4],
							"uv": {
								"north": {"uv": [90, 89], "uv_size": [-2, 1]},
								"east": {"uv": [91, 26], "uv_size": [-4, 1]},
								"south": {"uv": [92, 3], "uv_size": [-2, 1]},
								"west": {"uv": [17, 87], "uv_size": [-4, 1]},
								"up": {"uv": [11, 82], "uv_size": [-2, 4]},
								"down": {"uv": [13, 86], "uv_size": [-2, -4]}
							}
						},
						{
							"origin": [-10, -0.23223, -17.56066],
							"size": [2, 4, 1],
							"pivot": [-8.5, 1.76777, -17.06066],
							"rotation": [45, 0, 0],
							"uv": {
								"north": {"uv": [15, 82], "uv_size": [-2, 4]},
								"east": {"uv": [31, 87], "uv_size": [-1, 4]},
								"south": {"uv": [17, 82], "uv_size": [-2, 4]},
								"west": {"uv": [30, 87], "uv_size": [-1, 4]},
								"up": {"uv": [6, 90], "uv_size": [-2, 1]},
								"down": {"uv": [92, 5], "uv_size": [-2, -1]}
							}
						},
						{
							"origin": [-10, -0.47487, -8.8033],
							"size": [2, 4, 1],
							"pivot": [-8.5, 1.52513, -17.3033],
							"rotation": [45, 0, 0],
							"uv": {
								"north": {"uv": [52, 82], "uv_size": [-2, 4]},
								"east": {"uv": [33, 87], "uv_size": [-1, 4]},
								"south": {"uv": [54, 82], "uv_size": [-2, 4]},
								"west": {"uv": [32, 87], "uv_size": [-1, 4]},
								"up": {"uv": [92, 5], "uv_size": [-2, 1]},
								"down": {"uv": [8, 91], "uv_size": [-2, -1]}
							}
						},
						{
							"origin": [-10, 2.82843, -18.82843],
							"size": [2, 4, 1],
							"uv": {
								"north": {"uv": [58, 82], "uv_size": [-2, 4]},
								"east": {"uv": [41, 87], "uv_size": [-1, 4]},
								"south": {"uv": [60, 82], "uv_size": [-2, 4]},
								"west": {"uv": [40, 87], "uv_size": [-1, 4]},
								"up": {"uv": [92, 6], "uv_size": [-2, 1]},
								"down": {"uv": [12, 91], "uv_size": [-2, -1]}
							}
						},
						{
							"origin": [-10, 2.82843, -10.17157],
							"size": [2, 4, 1],
							"uv": {
								"north": {"uv": [62, 82], "uv_size": [-2, 4]},
								"east": {"uv": [43, 87], "uv_size": [-1, 4]},
								"south": {"uv": [64, 82], "uv_size": [-2, 4]},
								"west": {"uv": [42, 87], "uv_size": [-1, 4]},
								"up": {"uv": [14, 90], "uv_size": [-2, 1]},
								"down": {"uv": [16, 91], "uv_size": [-2, -1]}
							}
						},
						{
							"origin": [-10, 5.88909, -17.56066],
							"size": [2, 4, 1],
							"pivot": [-8.5, 7.88909, -17.06066],
							"rotation": [-45, 0, 0],
							"uv": {
								"north": {"uv": [84, 73], "uv_size": [-2, 4]},
								"east": {"uv": [52, 87], "uv_size": [-1, 4]},
								"south": {"uv": [81, 82], "uv_size": [-2, 4]},
								"west": {"uv": [51, 87], "uv_size": [-1, 4]},
								"up": {"uv": [20, 90], "uv_size": [-2, 1]},
								"down": {"uv": [22, 91], "uv_size": [-2, -1]}
							}
						}
					]
				},
				{
					"name": "bone",
					"parent": "root",
					"pivot": [8, 0, -16],
					"cubes": [
						{
							"origin": [-4.5, 4, -16],
							"size": [9, 8, 16],
							"uv": {
								"north": {"uv": [47, 63], "uv_size": [9, 8]},
								"east": {"uv": [50, 0], "uv_size": [16, 8]},
								"south": {"uv": [67, 66], "uv_size": [9, 8]},
								"west": {"uv": [14, 51], "uv_size": [16, 8]},
								"up": {"uv": [46, 22], "uv_size": [9, 16]},
								"down": {"uv": [46, 54], "uv_size": [9, -16]}
							}
						},
						{
							"origin": [-4.5, 10, -6],
							"size": [9, 4, 6],
							"uv": {
								"north": {"uv": [60, 17], "uv_size": [9, 4]},
								"east": {"uv": [76, 73], "uv_size": [6, 4]},
								"south": {"uv": [0, 71], "uv_size": [9, 4]},
								"west": {"uv": [17, 77], "uv_size": [6, 4]},
								"up": {"uv": [18, 34], "uv_size": [9, 6]},
								"down": {"uv": [11, 74], "uv_size": [9, -6]}
							}
						},
						{
							"origin": [4.5, 4.32843, -14.57843],
							"size": [3, 1, 1],
							"uv": {
								"north": {"uv": [89, 38], "uv_size": [3, 1]},
								"east": {"uv": [90, 73], "uv_size": [1, 1]},
								"south": {"uv": [89, 43], "uv_size": [3, 1]},
								"west": {"uv": [90, 74], "uv_size": [1, 1]},
								"up": {"uv": [89, 44], "uv_size": [3, 1]},
								"down": {"uv": [89, 46], "uv_size": [3, -1]}
							}
						},
						{
							"origin": [-7.5, 4.32843, -14.57843],
							"size": [3, 1, 1],
							"uv": {
								"north": {"uv": [92, 38], "uv_size": [-3, 1]},
								"east": {"uv": [91, 74], "uv_size": [-1, 1]},
								"south": {"uv": [92, 43], "uv_size": [-3, 1]},
								"west": {"uv": [91, 73], "uv_size": [-1, 1]},
								"up": {"uv": [89, 45], "uv_size": [3, -1]},
								"down": {"uv": [89, 46], "uv_size": [3, -1]}
							}
						},
						{
							"origin": [-5, 4, -19],
							"size": [10, 2, 3],
							"uv": {
								"north": {"uv": [77, 26], "uv_size": [10, 2]},
								"east": {"uv": [84, 9], "uv_size": [3, 2]},
								"south": {"uv": [77, 28], "uv_size": [10, 2]},
								"west": {"uv": [84, 11], "uv_size": [3, 2]},
								"up": {"uv": [50, 8], "uv_size": [10, 3]},
								"down": {"uv": [33, 63], "uv_size": [10, -3]}
							}
						},
						{
							"origin": [-7, 4, 17],
							"size": [14, 11, 1],
							"uv": {
								"north": {"uv": [18, 40], "uv_size": [14, 11]},
								"east": {"uv": [45, 79], "uv_size": [1, 11]},
								"south": {"uv": [32, 40], "uv_size": [14, 11]},
								"west": {"uv": [34, 80], "uv_size": [1, 11]},
								"up": {"uv": [79, 18], "uv_size": [14, 1]},
								"down": {"uv": [79, 20], "uv_size": [14, -1]}
							}
						},
						{
							"origin": [-7, 15, 17],
							"size": [14, 3, 1],
							"uv": {
								"north": {"uv": [70, 6], "uv_size": [14, 3]},
								"east": {"uv": [16, 88], "uv_size": [1, 3]},
								"south": {"uv": [70, 9], "uv_size": [14, 3]},
								"west": {"uv": [75, 88], "uv_size": [1, 3]},
								"up": {"uv": [79, 79], "uv_size": [14, 1]},
								"down": {"uv": [80, 1], "uv_size": [14, -1]}
							}
						},
						{
							"origin": [-7, 21, 17],
							"size": [14, 3, 1],
							"uv": {
								"north": {"uv": [70, 12], "uv_size": [14, 3]},
								"east": {"uv": [56, 89], "uv_size": [1, 3]},
								"south": {"uv": [71, 36], "uv_size": [14, 3]},
								"west": {"uv": [57, 89], "uv_size": [1, 3]},
								"up": {"uv": [80, 1], "uv_size": [14, 1]},
								"down": {"uv": [80, 3], "uv_size": [14, -1]}
							}
						},
						{
							"origin": [4, 18, 17],
							"size": [3, 3, 1],
							"uv": {
								"north": {"uv": [17, 74], "uv_size": [3, 3]},
								"east": {"uv": [73, 89], "uv_size": [1, 3]},
								"south": {"uv": [81, 40], "uv_size": [3, 3]},
								"west": {"uv": [74, 89], "uv_size": [1, 3]},
								"up": {"uv": [89, 80], "uv_size": [3, 1]},
								"down": {"uv": [89, 85], "uv_size": [3, -1]}
							}
						},
						{
							"origin": [-7, 18, 17],
							"size": [3, 3, 1],
							"uv": {
								"north": {"uv": [43, 51], "uv_size": [3, 3]},
								"east": {"uv": [58, 89], "uv_size": [1, 3]},
								"south": {"uv": [64, 69], "uv_size": [3, 3]},
								"west": {"uv": [59, 89], "uv_size": [1, 3]},
								"up": {"uv": [89, 57], "uv_size": [3, 1]},
								"down": {"uv": [89, 59], "uv_size": [3, -1]}
							}
						},
						{
							"origin": [-8, 24, 0],
							"size": [16, 1, 18],
							"uv": {
								"north": {"uv": [78, 65], "uv_size": [16, 1]},
								"east": {"uv": [73, 35], "uv_size": [18, 1]},
								"south": {"uv": [79, 15], "uv_size": [16, 1]},
								"west": {"uv": [77, 32], "uv_size": [18, 1]},
								"up": {"uv": [0, 0], "uv_size": [16, 18]},
								"down": {"uv": [16, 18], "uv_size": [16, -18]}
							}
						},
						{
							"origin": [-7, 4, 0],
							"size": [14, 11, 1],
							"uv": {
								"north": {"uv": [0, 45], "uv_size": [14, 11]},
								"east": {"uv": [47, 80], "uv_size": [1, 11]},
								"south": {"uv": [46, 11], "uv_size": [14, 11]},
								"west": {"uv": [48, 80], "uv_size": [1, 11]},
								"up": {"uv": [79, 77], "uv_size": [14, 1]},
								"down": {"uv": [79, 79], "uv_size": [14, -1]}
							}
						},
						{
							"origin": [-7, 4, 1],
							"size": [14, 1, 16],
							"uv": {
								"north": {"uv": [79, 20], "uv_size": [14, 1]},
								"east": {"uv": [78, 63], "uv_size": [16, 1]},
								"south": {"uv": [79, 21], "uv_size": [14, 1]},
								"west": {"uv": [78, 64], "uv_size": [16, 1]},
								"up": {"uv": [0, 18], "uv_size": [14, 16]},
								"down": {"uv": [14, 34], "uv_size": [14, -16]}
							}
						},
						{
							"origin": [-8, 4, 0],
							"size": [1, 11, 18],
							"uv": {
								"north": {"uv": [37, 80], "uv_size": [1, 11]},
								"east": {"uv": [32, 0], "uv_size": [18, 11]},
								"south": {"uv": [46, 80], "uv_size": [1, 11]},
								"west": {"uv": [0, 34], "uv_size": [18, 11]},
								"up": {"uv": [78, 77], "uv_size": [1, 18]},
								"down": {"uv": [38, 97], "uv_size": [1, -18]}
							}
						},
						{
							"origin": [7, 4, 0],
							"size": [1, 11, 18],
							"uv": {
								"north": {"uv": [35, 80], "uv_size": [1, 11]},
								"east": {"uv": [28, 18], "uv_size": [18, 11]},
								"south": {"uv": [36, 80], "uv_size": [1, 11]},
								"west": {"uv": [28, 29], "uv_size": [18, 11]},
								"up": {"uv": [8, 75], "uv_size": [1, 18]},
								"down": {"uv": [25, 95], "uv_size": [1, -18]}
							}
						},
						{
							"origin": [7, 15, 0],
							"size": [1, 9, 2],
							"uv": {
								"north": {"uv": [18, 81], "uv_size": [1, 9]},
								"east": {"uv": [54, 71], "uv_size": [2, 9]},
								"south": {"uv": [19, 81], "uv_size": [1, 9]},
								"west": {"uv": [23, 77], "uv_size": [2, 9]},
								"up": {"uv": [55, 52], "uv_size": [1, 2]},
								"down": {"uv": [66, 61], "uv_size": [1, -2]}
							}
						},
						{
							"origin": [-8, 15, 0],
							"size": [1, 9, 2],
							"uv": {
								"north": {"uv": [20, 81], "uv_size": [1, 9]},
								"east": {"uv": [76, 77], "uv_size": [2, 9]},
								"south": {"uv": [21, 81], "uv_size": [1, 9]},
								"west": {"uv": [78, 54], "uv_size": [2, 9]},
								"up": {"uv": [69, 6], "uv_size": [1, 2]},
								"down": {"uv": [46, 71], "uv_size": [1, -2]}
							}
						},
						{
							"origin": [7, 15, 8],
							"size": [1, 9, 10],
							"uv": {
								"north": {"uv": [65, 81], "uv_size": [1, 9]},
								"east": {"uv": [60, 8], "uv_size": [10, 9]},
								"south": {"uv": [66, 81], "uv_size": [1, 9]},
								"west": {"uv": [23, 60], "uv_size": [10, 9]},
								"up": {"uv": [55, 80], "uv_size": [1, 10]},
								"down": {"uv": [17, 91], "uv_size": [1, -10]}
							}
						},
						{
							"origin": [7, 22, 2],
							"size": [1, 2, 6],
							"uv": {
								"north": {"uv": [22, 90], "uv_size": [1, 2]},
								"east": {"uv": [80, 54], "uv_size": [6, 2]},
								"south": {"uv": [23, 90], "uv_size": [1, 2]},
								"west": {"uv": [80, 56], "uv_size": [6, 2]},
								"up": {"uv": [27, 34], "uv_size": [1, 6]},
								"down": {"uv": [26, 90], "uv_size": [1, -6]}
							}
						},
						{
							"origin": [-8, 22, 2],
							"size": [1, 2, 6],
							"uv": {
								"north": {"uv": [24, 90], "uv_size": [1, 2]},
								"east": {"uv": [80, 58], "uv_size": [6, 2]},
								"south": {"uv": [26, 90], "uv_size": [1, 2]},
								"west": {"uv": [80, 60], "uv_size": [6, 2]},
								"up": {"uv": [27, 84], "uv_size": [1, 6]},
								"down": {"uv": [28, 90], "uv_size": [1, -6]}
							}
						},
						{
							"origin": [-8, 15, 8],
							"size": [1, 9, 10],
							"uv": {
								"north": {"uv": [22, 81], "uv_size": [1, 9]},
								"east": {"uv": [56, 52], "uv_size": [10, 9]},
								"south": {"uv": [64, 81], "uv_size": [1, 9]},
								"west": {"uv": [13, 59], "uv_size": [10, 9]},
								"up": {"uv": [49, 80], "uv_size": [1, 10]},
								"down": {"uv": [54, 90], "uv_size": [1, -10]}
							}
						},
						{
							"origin": [7.5, 4.07843, 13.32843],
							"size": [3, 1.5, 1.5],
							"uv": {
								"north": {"uv": [66, 6], "uv_size": [3, 2]},
								"east": {"uv": [69, 36], "uv_size": [2, 2]},
								"south": {"uv": [70, 15], "uv_size": [3, 2]},
								"west": {"uv": [73, 15], "uv_size": [2, 2]},
								"up": {"uv": [67, 74], "uv_size": [-3, -2]},
								"down": {"uv": [87, 9], "uv_size": [-3, -2]}
							}
						},
						{
							"origin": [-10.5, 4.07843, 13.32843],
							"size": [3, 1.5, 1.5],
							"uv": {
								"north": {"uv": [69, 6], "uv_size": [-3, 2]},
								"east": {"uv": [75, 15], "uv_size": [-2, 2]},
								"south": {"uv": [73, 15], "uv_size": [-3, 2]},
								"west": {"uv": [71, 36], "uv_size": [-2, 2]},
								"up": {"uv": [64, 74], "uv_size": [3, -2]},
								"down": {"uv": [84, 9], "uv_size": [3, -2]}
							}
						},
						{
							"origin": [-8, 23.69344, -6.5412],
							"size": [16, 1, 7],
							"pivot": [8, 23.69344, -0.5412],
							"rotation": [22.5, 0, 0],
							"uv": {
								"north": {"uv": [79, 16], "uv_size": [16, 1]},
								"east": {"uv": [81, 83], "uv_size": [7, 1]},
								"south": {"uv": [79, 17], "uv_size": [16, 1]},
								"west": {"uv": [0, 84], "uv_size": [7, 1]},
								"up": {"uv": [55, 38], "uv_size": [16, 7]},
								"down": {"uv": [55, 52], "uv_size": [16, -7]}
							}
						},
						{
							"origin": [7, 14.69344, -3.5412],
							"size": [1, 9, 4],
							"inflate": -0.01,
							"pivot": [8, 23.69344, -0.5412],
							"rotation": [22.5, 0, 0],
							"uv": {
								"north": {"uv": [67, 81], "uv_size": [1, 9]},
								"east": {"uv": [71, 39], "uv_size": [4, 9]},
								"south": {"uv": [68, 81], "uv_size": [1, 9]},
								"west": {"uv": [46, 71], "uv_size": [4, 9]},
								"up": {"uv": [52, 87], "uv_size": [1, 4]},
								"down": {"uv": [53, 91], "uv_size": [1, -4]}
							}
						},
						{
							"origin": [-8, 14.69344, -3.5412],
							"size": [1, 9, 4],
							"inflate": -0.01,
							"pivot": [-8, 23.69344, -0.5412],
							"rotation": [22.5, 0, 0],
							"uv": {
								"north": {"uv": [68, 81], "uv_size": [-1, 9]},
								"east": {"uv": [50, 71], "uv_size": [-4, 9]},
								"south": {"uv": [69, 81], "uv_size": [-1, 9]},
								"west": {"uv": [75, 39], "uv_size": [-4, 9]},
								"up": {"uv": [53, 87], "uv_size": [-1, 4]},
								"down": {"uv": [54, 91], "uv_size": [-1, -4]}
							}
						},
						{
							"origin": [5, 12, -8],
							"size": [2, 3, 2],
							"uv": {
								"north": {"uv": [9, 71], "uv_size": [2, 3]},
								"east": {"uv": [29, 84], "uv_size": [2, 3]},
								"south": {"uv": [31, 84], "uv_size": [2, 3]},
								"west": {"uv": [84, 40], "uv_size": [2, 3]},
								"up": {"uv": [87, 27], "uv_size": [2, 2]},
								"down": {"uv": [56, 89], "uv_size": [2, -2]}
							}
						},
						{
							"origin": [-7, 12, -8],
							"size": [2, 3, 2],
							"uv": {
								"north": {"uv": [84, 48], "uv_size": [2, 3]},
								"east": {"uv": [84, 73], "uv_size": [2, 3]},
								"south": {"uv": [81, 84], "uv_size": [2, 3]},
								"west": {"uv": [83, 84], "uv_size": [2, 3]},
								"up": {"uv": [87, 57], "uv_size": [2, 2]},
								"down": {"uv": [58, 89], "uv_size": [2, -2]}
							}
						},
						{
							"origin": [-6.5, 14.5, -7.5],
							"size": [1, 1, 1],
							"uv": {
								"north": {"uv": [90, 75], "uv_size": [1, 1]},
								"east": {"uv": [76, 90], "uv_size": [1, 1]},
								"south": {"uv": [77, 90], "uv_size": [1, 1]},
								"west": {"uv": [79, 90], "uv_size": [1, 1]},
								"up": {"uv": [80, 90], "uv_size": [1, 1]},
								"down": {"uv": [81, 91], "uv_size": [1, -1]}
							}
						},
						{
							"origin": [-6.5, 11.5, -7.5],
							"size": [1, 1, 1],
							"uv": {
								"north": {"uv": [90, 81], "uv_size": [1, 1]},
								"east": {"uv": [82, 90], "uv_size": [1, 1]},
								"south": {"uv": [83, 90], "uv_size": [1, 1]},
								"west": {"uv": [84, 90], "uv_size": [1, 1]},
								"up": {"uv": [85, 90], "uv_size": [1, 1]},
								"down": {"uv": [86, 91], "uv_size": [1, -1]}
							}
						},
						{
							"origin": [5.5, 11.5, -7.5],
							"size": [1, 1, 1],
							"uv": {
								"north": {"uv": [1, 91], "uv_size": [1, 1]},
								"east": {"uv": [2, 91], "uv_size": [1, 1]},
								"south": {"uv": [3, 91], "uv_size": [1, 1]},
								"west": {"uv": [4, 91], "uv_size": [1, 1]},
								"up": {"uv": [5, 91], "uv_size": [1, 1]},
								"down": {"uv": [6, 92], "uv_size": [1, -1]}
							}
						},
						{
							"origin": [5.5, 14.5, -7.5],
							"size": [1, 1, 1],
							"uv": {
								"north": {"uv": [87, 90], "uv_size": [1, 1]},
								"east": {"uv": [88, 90], "uv_size": [1, 1]},
								"south": {"uv": [89, 90], "uv_size": [1, 1]},
								"west": {"uv": [90, 89], "uv_size": [1, 1]},
								"up": {"uv": [90, 90], "uv_size": [1, 1]},
								"down": {"uv": [0, 92], "uv_size": [1, -1]}
							}
						},
						{
							"origin": [4.5, 13, -6],
							"size": [2, 1, 1],
							"uv": {
								"north": {"uv": [27, 90], "uv_size": [2, 1]},
								"east": {"uv": [7, 91], "uv_size": [1, 1]},
								"south": {"uv": [90, 29], "uv_size": [2, 1]},
								"west": {"uv": [91, 7], "uv_size": [1, 1]},
								"up": {"uv": [90, 30], "uv_size": [2, 1]},
								"down": {"uv": [90, 32], "uv_size": [2, -1]}
							}
						},
						{
							"origin": [-6.5, 13, -6],
							"size": [2, 1, 1],
							"uv": {
								"north": {"uv": [90, 33], "uv_size": [2, 1]},
								"east": {"uv": [9, 91], "uv_size": [1, 1]},
								"south": {"uv": [90, 34], "uv_size": [2, 1]},
								"west": {"uv": [10, 91], "uv_size": [1, 1]},
								"up": {"uv": [90, 40], "uv_size": [2, 1]},
								"down": {"uv": [90, 42], "uv_size": [2, -1]}
							}
						}
					]
				}
			]
		}
	]
}