{
	"format_version": "1.12.0",
	"minecraft:geometry": [
		{
			"description": {
				"identifier": "geometry.car2",
				"texture_width": 128,
				"texture_height": 128,
				"visible_bounds_width": 5,
				"visible_bounds_height": 3.5,
				"visible_bounds_offset": [0, 1.25, 0]
			},
			"bones": [
				{
					"name": "root",
					"pivot": [0, 4, 4]
				},
				{
					"name": "interior",
					"parent": "root",
					"pivot": [0, 0, -36]
				},
				{
					"name": "chairs",
					"parent": "interior",
					"pivot": [0, 0, -36]
				},
				{
					"name": "chair",
					"parent": "chairs",
					"pivot": [2, 3.75, -37],
					"cubes": [
						{
							"origin": [1, 7.75, 8],
							"size": [8, 12, 2],
							"uv": {
								"north": {"uv": [63, 39], "uv_size": [8, 12]},
								"east": {"uv": [94, 73], "uv_size": [2, 12]},
								"south": {"uv": [71, 39], "uv_size": [8, 12]},
								"west": {"uv": [94, 85], "uv_size": [2, 12]},
								"up": {"uv": [12, 98], "uv_size": [8, 2]},
								"down": {"uv": [29, 100], "uv_size": [8, -2]}
							}
						},
						{
							"origin": [2, 7.36018, 2.36007],
							"size": [7, 3, 6],
							"uv": {
								"north": {"uv": [56, 22], "uv_size": [7, 3]},
								"east": {"uv": [96, 80], "uv_size": [6, 3]},
								"south": {"uv": [96, 47], "uv_size": [7, 3]},
								"west": {"uv": [96, 83], "uv_size": [6, 3]},
								"up": {"uv": [89, 47], "uv_size": [7, 6]},
								"down": {"uv": [90, 6], "uv_size": [7, -6]}
							}
						},
						{
							"origin": [1, 8.46018, 1.36007],
							"size": [9, 2, 7],
							"uv": {
								"north": {"uv": [96, 86], "uv_size": [9, 2]},
								"east": {"uv": [102, 90], "uv_size": [7, 2]},
								"south": {"uv": [96, 88], "uv_size": [9, 2]},
								"west": {"uv": [102, 92], "uv_size": [7, 2]},
								"up": {"uv": [81, 55], "uv_size": [9, 7]},
								"down": {"uv": [78, 88], "uv_size": [9, -7]}
							}
						}
					]
				},
				{
					"name": "mount",
					"parent": "chair",
					"pivot": [7, 10.5, -3]
				},
				{
					"name": "chair4",
					"parent": "chairs",
					"pivot": [-2, 3.75, -37],
					"cubes": [
						{
							"origin": [-9, 7.75, 8],
							"size": [8, 12, 2],
							"uv": {
								"north": {"uv": [40, 13], "uv_size": [8, 12]},
								"east": {"uv": [49, 94], "uv_size": [2, 12]},
								"south": {"uv": [48, 13], "uv_size": [8, 12]},
								"west": {"uv": [51, 94], "uv_size": [2, 12]},
								"up": {"uv": [97, 37], "uv_size": [8, 2]},
								"down": {"uv": [97, 41], "uv_size": [8, -2]}
							}
						},
						{
							"origin": [-9, 7.36018, 2.36007],
							"size": [7, 3, 6],
							"uv": {
								"north": {"uv": [96, 50], "uv_size": [7, 3]},
								"east": {"uv": [96, 90], "uv_size": [6, 3]},
								"south": {"uv": [66, 96], "uv_size": [7, 3]},
								"west": {"uv": [96, 93], "uv_size": [6, 3]},
								"up": {"uv": [15, 90], "uv_size": [7, 6]},
								"down": {"uv": [22, 96], "uv_size": [7, -6]}
							}
						},
						{
							"origin": [-10, 8.46018, 1.36007],
							"size": [9, 2, 7],
							"uv": {
								"north": {"uv": [96, 96], "uv_size": [9, 2]},
								"east": {"uv": [102, 94], "uv_size": [7, 2]},
								"south": {"uv": [97, 0], "uv_size": [9, 2]},
								"west": {"uv": [0, 103], "uv_size": [7, 2]},
								"up": {"uv": [82, 13], "uv_size": [9, 7]},
								"down": {"uv": [82, 27], "uv_size": [9, -7]}
							}
						}
					]
				},
				{
					"name": "p_sidemount",
					"parent": "chair4",
					"pivot": [-8, 10.5, -3]
				},
				{
					"name": "handle",
					"parent": "interior",
					"pivot": [4.85294, 15.21778, 0.01562],
					"cubes": [
						{
							"origin": [7.5, 13.71778, -0.28438],
							"size": [1, 3, 1],
							"uv": {
								"north": {"uv": [53, 83], "uv_size": [1, 3]},
								"east": {"uv": [15, 84], "uv_size": [1, 3]},
								"south": {"uv": [15, 87], "uv_size": [1, 3]},
								"west": {"uv": [86, 88], "uv_size": [1, 3]},
								"up": {"uv": [86, 91], "uv_size": [1, 1]},
								"down": {"uv": [47, 94], "uv_size": [1, -1]}
							}
						},
						{
							"origin": [1.75, 14.71778, -0.28438],
							"size": [6, 1, 1],
							"uv": {
								"north": {"uv": [116, 10], "uv_size": [6, 1]},
								"east": {"uv": [72, 102], "uv_size": [1, 1]},
								"south": {"uv": [116, 61], "uv_size": [6, 1]},
								"west": {"uv": [108, 102], "uv_size": [1, 1]},
								"up": {"uv": [117, 101], "uv_size": [6, 1]},
								"down": {"uv": [117, 103], "uv_size": [6, -1]}
							}
						},
						{
							"origin": [4.25, 14.71778, -3.28438],
							"size": [1, 1, 3],
							"uv": {
								"north": {"uv": [106, 108], "uv_size": [1, 1]},
								"east": {"uv": [77, 76], "uv_size": [3, 1]},
								"south": {"uv": [109, 104], "uv_size": [1, 1]},
								"west": {"uv": [89, 35], "uv_size": [3, 1]},
								"up": {"uv": [47, 90], "uv_size": [1, 3]},
								"down": {"uv": [22, 101], "uv_size": [1, -3]}
							}
						},
						{
							"origin": [1.25736, 13.71778, -0.28438],
							"size": [1, 3, 1],
							"uv": {
								"north": {"uv": [72, 99], "uv_size": [1, 3]},
								"east": {"uv": [103, 119], "uv_size": [1, 3]},
								"south": {"uv": [121, 23], "uv_size": [1, 3]},
								"west": {"uv": [121, 26], "uv_size": [1, 3]},
								"up": {"uv": [78, 110], "uv_size": [1, 1]},
								"down": {"uv": [79, 111], "uv_size": [1, -1]}
							}
						},
						{
							"origin": [3.37868, 17.8391, -0.28438],
							"size": [3, 1, 1],
							"pivot": [4.87868, 15.21778, -0.78438],
							"rotation": [0, 0, 45],
							"uv": {
								"north": {"uv": [12, 95], "uv_size": [3, 1]},
								"east": {"uv": [110, 104], "uv_size": [1, 1]},
								"south": {"uv": [99, 79], "uv_size": [3, 1]},
								"west": {"uv": [19, 112], "uv_size": [1, 1]},
								"up": {"uv": [102, 85], "uv_size": [3, 1]},
								"down": {"uv": [103, 67], "uv_size": [3, -1]}
							}
						},
						{
							"origin": [3.37868, 11.59646, -0.28438],
							"size": [3, 1, 1],
							"pivot": [4.87868, 15.21778, -0.78438],
							"rotation": [0, 0, 45],
							"uv": {
								"north": {"uv": [41, 107], "uv_size": [3, 1]},
								"east": {"uv": [36, 112], "uv_size": [1, 1]},
								"south": {"uv": [108, 76], "uv_size": [3, 1]},
								"west": {"uv": [112, 101], "uv_size": [1, 1]},
								"up": {"uv": [109, 97], "uv_size": [3, 1]},
								"down": {"uv": [111, 85], "uv_size": [3, -1]}
							}
						},
						{
							"origin": [3.37868, 17.8391, -0.28438],
							"size": [3, 1, 1],
							"pivot": [4.87868, 15.21778, -0.78438],
							"rotation": [0, 0, -45],
							"uv": {
								"north": {"uv": [111, 108], "uv_size": [3, 1]},
								"east": {"uv": [16, 113], "uv_size": [1, 1]},
								"south": {"uv": [14, 114], "uv_size": [3, 1]},
								"west": {"uv": [39, 113], "uv_size": [1, 1]},
								"up": {"uv": [114, 88], "uv_size": [3, 1]},
								"down": {"uv": [27, 122], "uv_size": [3, -1]}
							}
						},
						{
							"origin": [3.37868, 11.59646, -0.28438],
							"size": [3, 1, 1],
							"pivot": [4.87868, 15.21778, -0.78438],
							"rotation": [0, 0, -45],
							"uv": {
								"north": {"uv": [121, 29], "uv_size": [3, 1]},
								"east": {"uv": [40, 113], "uv_size": [1, 1]},
								"south": {"uv": [30, 121], "uv_size": [3, 1]},
								"west": {"uv": [113, 103], "uv_size": [1, 1]},
								"up": {"uv": [121, 30], "uv_size": [3, 1]},
								"down": {"uv": [121, 32], "uv_size": [3, -1]}
							}
						},
						{
							"origin": [3.37868, 17.8391, -0.28438],
							"size": [3, 1, 1],
							"uv": {
								"north": {"uv": [121, 32], "uv_size": [3, 1]},
								"east": {"uv": [114, 103], "uv_size": [1, 1]},
								"south": {"uv": [33, 121], "uv_size": [3, 1]},
								"west": {"uv": [118, 63], "uv_size": [1, 1]},
								"up": {"uv": [121, 33], "uv_size": [3, 1]},
								"down": {"uv": [121, 35], "uv_size": [3, -1]}
							}
						},
						{
							"origin": [3.37868, 11.59646, -0.28438],
							"size": [3, 1, 1],
							"uv": {
								"north": {"uv": [121, 35], "uv_size": [3, 1]},
								"east": {"uv": [118, 96], "uv_size": [1, 1]},
								"south": {"uv": [121, 36], "uv_size": [3, 1]},
								"west": {"uv": [119, 63], "uv_size": [1, 1]},
								"up": {"uv": [121, 37], "uv_size": [3, 1]},
								"down": {"uv": [121, 39], "uv_size": [3, -1]}
							}
						}
					]
				},
				{
					"name": "box",
					"parent": "interior",
					"pivot": [6.85294, 16.5, -60.9]
				},
				{
					"name": "foot",
					"parent": "interior",
					"pivot": [0, 0, -36],
					"cubes": [
						{
							"origin": [7.85294, 7.5, -3.9],
							"size": [1, 1, 2],
							"pivot": [8.35294, 8, -2.9],
							"rotation": [-45, 0, 0],
							"uv": {
								"north": {"uv": [119, 96], "uv_size": [1, 1]},
								"east": {"uv": [34, 50], "uv_size": [2, 1]},
								"south": {"uv": [121, 76], "uv_size": [1, 1]},
								"west": {"uv": [78, 80], "uv_size": [2, 1]},
								"up": {"uv": [53, 86], "uv_size": [1, 2]},
								"down": {"uv": [22, 103], "uv_size": [1, -2]}
							}
						},
						{
							"origin": [5.85294, 7.5, -3.9],
							"size": [1, 1, 2],
							"pivot": [6.35294, 8, -2.9],
							"rotation": [-45, 0, 0],
							"uv": {
								"north": {"uv": [121, 77], "uv_size": [1, 1]},
								"east": {"uv": [20, 106], "uv_size": [2, 1]},
								"south": {"uv": [121, 78], "uv_size": [1, 1]},
								"west": {"uv": [37, 106], "uv_size": [2, 1]},
								"up": {"uv": [11, 103], "uv_size": [1, 2]},
								"down": {"uv": [28, 105], "uv_size": [1, -2]}
							}
						},
						{
							"origin": [2.85294, 7.5, -3.9],
							"size": [1, 1, 2],
							"pivot": [3.35294, 8, -2.9],
							"rotation": [-45, 0, 0],
							"uv": {
								"north": {"uv": [79, 121], "uv_size": [1, 1]},
								"east": {"uv": [106, 72], "uv_size": [2, 1]},
								"south": {"uv": [121, 79], "uv_size": [1, 1]},
								"west": {"uv": [47, 107], "uv_size": [2, 1]},
								"up": {"uv": [91, 105], "uv_size": [1, 2]},
								"down": {"uv": [121, 51], "uv_size": [1, -2]}
							}
						}
					]
				},
				{
					"name": "box2",
					"parent": "interior",
					"pivot": [-6.85294, 16.5, -60.9]
				},
				{
					"name": "wheel3",
					"parent": "root",
					"pivot": [10.0605, 5.54416, -17.61382],
					"cubes": [
						{
							"origin": [8.10221, 9.02556, -18.70732],
							"size": [3.888, 2.016, 2.187],
							"uv": {
								"north": {"uv": [105, 96], "uv_size": [4, 2]},
								"east": {"uv": [70, 106], "uv_size": [2, 2]},
								"south": {"uv": [106, 0], "uv_size": [4, 2]},
								"west": {"uv": [80, 106], "uv_size": [2, 2]},
								"up": {"uv": [49, 106], "uv_size": [4, 2]},
								"down": {"uv": [106, 64], "uv_size": [4, -2]}
							}
						},
						{
							"origin": [8.10221, 8.35561, -17.04027],
							"size": [3.888, 2.016, 2.187],
							"pivot": [11.99021, 9.39961, -15.09627],
							"rotation": [-22.5, 0, 0],
							"uv": {
								"north": {"uv": [106, 66], "uv_size": [4, 2]},
								"east": {"uv": [90, 107], "uv_size": [2, 2]},
								"south": {"uv": [106, 68], "uv_size": [4, 2]},
								"west": {"uv": [100, 117], "uv_size": [2, 2]},
								"up": {"uv": [106, 70], "uv_size": [4, 2]},
								"down": {"uv": [76, 108], "uv_size": [4, -2]}
							}
						},
						{
							"origin": [8.10221, 7.09871, -15.75649],
							"size": [3.888, 2.016, 2.187],
							"pivot": [11.99021, 8.14271, -13.81249],
							"rotation": [-45, 0, 0],
							"uv": {
								"north": {"uv": [0, 107], "uv_size": [4, 2]},
								"east": {"uv": [112, 117], "uv_size": [2, 2]},
								"south": {"uv": [107, 13], "uv_size": [4, 2]},
								"west": {"uv": [11, 118], "uv_size": [2, 2]},
								"up": {"uv": [107, 15], "uv_size": [4, 2]},
								"down": {"uv": [107, 19], "uv_size": [4, -2]}
							}
						},
						{
							"origin": [8.10221, 6.2472, -14.15143],
							"size": [3.888, 2.187, 2.016],
							"pivot": [11.99021, 6.4902, -13.10743],
							"rotation": [22.5, 0, 0],
							"uv": {
								"north": {"uv": [107, 19], "uv_size": [4, 2]},
								"east": {"uv": [49, 118], "uv_size": [2, 2]},
								"south": {"uv": [20, 107], "uv_size": [4, 2]},
								"west": {"uv": [118, 66], "uv_size": [2, 2]},
								"up": {"uv": [107, 21], "uv_size": [4, 2]},
								"down": {"uv": [107, 25], "uv_size": [4, -2]}
							}
						},
						{
							"origin": [8.10221, 1.02107, -17.16385],
							"size": [3.888, 2.016, 2.187],
							"pivot": [11.50421, 2.15152, -14.39301],
							"rotation": [22.5, 0, 0],
							"uv": {
								"north": {"uv": [24, 107], "uv_size": [4, 2]},
								"east": {"uv": [118, 68], "uv_size": [2, 2]},
								"south": {"uv": [28, 107], "uv_size": [4, 2]},
								"west": {"uv": [118, 70], "uv_size": [2, 2]},
								"up": {"uv": [37, 107], "uv_size": [4, 2]},
								"down": {"uv": [107, 55], "uv_size": [4, -2]}
							}
						},
						{
							"origin": [8.10221, 1.10835, -15.41621],
							"size": [3.888, 2.187, 2.016],
							"pivot": [11.50421, 2.32335, -14.22118],
							"rotation": [-45, 0, 0],
							"uv": {
								"north": {"uv": [107, 77], "uv_size": [4, 2]},
								"east": {"uv": [74, 118], "uv_size": [2, 2]},
								"south": {"uv": [107, 79], "uv_size": [4, 2]},
								"west": {"uv": [76, 118], "uv_size": [2, 2]},
								"up": {"uv": [107, 81], "uv_size": [4, 2]},
								"down": {"uv": [107, 85], "uv_size": [4, -2]}
							}
						},
						{
							"origin": [8.10221, 2.88869, -15.01374],
							"size": [3.888, 2.187, 2.016],
							"pivot": [11.50421, 2.54785, -14.12819],
							"rotation": [-22.5, 0, 0],
							"uv": {
								"north": {"uv": [86, 107], "uv_size": [4, 2]},
								"east": {"uv": [118, 84], "uv_size": [2, 2]},
								"south": {"uv": [107, 105], "uv_size": [4, 2]},
								"west": {"uv": [118, 86], "uv_size": [2, 2]},
								"up": {"uv": [107, 107], "uv_size": [4, 2]},
								"down": {"uv": [108, 8], "uv_size": [4, -2]}
							}
						},
						{
							"origin": [8.10221, 4.45067, -14.13243],
							"size": [3.888, 2.187, 2.016],
							"uv": {
								"north": {"uv": [108, 8], "uv_size": [4, 2]},
								"east": {"uv": [118, 90], "uv_size": [2, 2]},
								"south": {"uv": [41, 108], "uv_size": [4, 2]},
								"west": {"uv": [118, 92], "uv_size": [2, 2]},
								"up": {"uv": [45, 108], "uv_size": [4, 2]},
								"down": {"uv": [49, 110], "uv_size": [4, -2]}
							}
						},
						{
							"origin": [8.10221, 7.2049, -21.43213],
							"size": [3.888, 2.016, 2.187],
							"pivot": [11.50421, 7.92297, -21.17395],
							"rotation": [45, 0, 0],
							"uv": {
								"north": {"uv": [108, 51], "uv_size": [4, 2]},
								"east": {"uv": [118, 94], "uv_size": [2, 2]},
								"south": {"uv": [108, 55], "uv_size": [4, 2]},
								"west": {"uv": [118, 108], "uv_size": [2, 2]},
								"up": {"uv": [108, 57], "uv_size": [4, 2]},
								"down": {"uv": [108, 61], "uv_size": [4, -2]}
							}
						},
						{
							"origin": [8.10221, 7.92307, -19.94133],
							"size": [3.888, 2.016, 2.187],
							"pivot": [11.50421, 8.09479, -21.00213],
							"rotation": [22.5, 0, 0],
							"uv": {
								"north": {"uv": [108, 64], "uv_size": [4, 2]},
								"east": {"uv": [118, 110], "uv_size": [2, 2]},
								"south": {"uv": [108, 72], "uv_size": [4, 2]},
								"west": {"uv": [118, 112], "uv_size": [2, 2]},
								"up": {"uv": [108, 74], "uv_size": [4, 2]},
								"down": {"uv": [76, 110], "uv_size": [4, -2]}
							}
						},
						{
							"origin": [8.10221, 6.01264, -22.56488],
							"size": [3.888, 2.187, 2.016],
							"pivot": [11.50421, 7.69847, -21.26695],
							"rotation": [-22.5, 0, 0],
							"uv": {
								"north": {"uv": [108, 98], "uv_size": [4, 2]},
								"east": {"uv": [114, 118], "uv_size": [2, 2]},
								"south": {"uv": [108, 100], "uv_size": [4, 2]},
								"west": {"uv": [118, 114], "uv_size": [2, 2]},
								"up": {"uv": [0, 109], "uv_size": [4, 2]},
								"down": {"uv": [20, 111], "uv_size": [4, -2]}
							}
						},
						{
							"origin": [8.10221, 4.45066, -23.11122],
							"size": [3.888, 2.187, 2.016],
							"uv": {
								"north": {"uv": [24, 109], "uv_size": [4, 2]},
								"east": {"uv": [116, 118], "uv_size": [2, 2]},
								"south": {"uv": [109, 25], "uv_size": [4, 2]},
								"west": {"uv": [118, 116], "uv_size": [2, 2]},
								"up": {"uv": [28, 109], "uv_size": [4, 2]},
								"down": {"uv": [109, 33], "uv_size": [4, -2]}
							}
						},
						{
							"origin": [8.10221, 3.21666, -22.00873],
							"size": [3.888, 2.187, 2.016],
							"pivot": [11.50421, 2.15586, -20.16445],
							"rotation": [22.5, 0, 0],
							"uv": {
								"north": {"uv": [32, 109], "uv_size": [4, 2]},
								"east": {"uv": [118, 118], "uv_size": [2, 2]},
								"south": {"uv": [109, 33], "uv_size": [4, 2]},
								"west": {"uv": [0, 119], "uv_size": [2, 2]},
								"up": {"uv": [37, 109], "uv_size": [4, 2]},
								"down": {"uv": [109, 47], "uv_size": [4, -2]}
							}
						},
						{
							"origin": [8.10221, 1.72586, -21.29056],
							"size": [3.888, 2.187, 2.016],
							"pivot": [11.50421, 1.98403, -19.99263],
							"rotation": [45, 0, 0],
							"uv": {
								"north": {"uv": [109, 47], "uv_size": [4, 2]},
								"east": {"uv": [2, 119], "uv_size": [2, 2]},
								"south": {"uv": [109, 49], "uv_size": [4, 2]},
								"west": {"uv": [119, 2], "uv_size": [2, 2]},
								"up": {"uv": [53, 109], "uv_size": [4, 2]},
								"down": {"uv": [66, 111], "uv_size": [4, -2]}
							}
						},
						{
							"origin": [8.10221, 0.59311, -20.2693],
							"size": [3.888, 2.016, 2.187],
							"pivot": [11.50421, 1.89104, -19.76812],
							"rotation": [-22.5, 0, 0],
							"uv": {
								"north": {"uv": [70, 109], "uv_size": [4, 2]},
								"east": {"uv": [119, 4], "uv_size": [2, 2]},
								"south": {"uv": [80, 109], "uv_size": [4, 2]},
								"west": {"uv": [13, 119], "uv_size": [2, 2]},
								"up": {"uv": [84, 109], "uv_size": [4, 2]},
								"down": {"uv": [88, 111], "uv_size": [4, -2]}
							}
						},
						{
							"origin": [8.10221, 0.04677, -18.70732],
							"size": [3.888, 2.016, 2.187],
							"uv": {
								"north": {"uv": [109, 89], "uv_size": [4, 2]},
								"east": {"uv": [119, 13], "uv_size": [2, 2]},
								"south": {"uv": [109, 91], "uv_size": [4, 2]},
								"west": {"uv": [15, 119], "uv_size": [2, 2]},
								"up": {"uv": [92, 109], "uv_size": [4, 2]},
								"down": {"uv": [109, 95], "uv_size": [4, -2]}
							}
						},
						{
							"origin": [9.80321, 1.72816, -21.42982],
							"size": [0.972, 7.632, 7.632],
							"uv": {
								"north": {"uv": [16, 105], "uv_size": [1, 8]},
								"east": {"uv": [0, 76], "uv_size": [8, 8]},
								"south": {"uv": [4, 107], "uv_size": [1, 8]},
								"west": {"uv": [8, 76], "uv_size": [8, 8]},
								"up": {"uv": [104, 108], "uv_size": [1, 8]},
								"down": {"uv": [105, 116], "uv_size": [1, -8]}
							}
						}
					]
				},
				{
					"name": "wheel4",
					"parent": "root",
					"pivot": [11.0605, 5.54416, 15.88618],
					"cubes": [
						{
							"origin": [9.10221, 9.02556, 14.79268],
							"size": [3.888, 2.016, 2.187],
							"uv": {
								"north": {"uv": [109, 95], "uv_size": [4, 2]},
								"east": {"uv": [119, 15], "uv_size": [2, 2]},
								"south": {"uv": [96, 109], "uv_size": [4, 2]},
								"west": {"uv": [17, 119], "uv_size": [2, 2]},
								"up": {"uv": [100, 109], "uv_size": [4, 2]},
								"down": {"uv": [109, 104], "uv_size": [4, -2]}
							}
						},
						{
							"origin": [9.10221, 8.35561, 16.45973],
							"size": [3.888, 2.016, 2.187],
							"pivot": [12.99021, 9.39961, 18.40373],
							"rotation": [-22.5, 0, 0],
							"uv": {
								"north": {"uv": [106, 109], "uv_size": [4, 2]},
								"east": {"uv": [119, 17], "uv_size": [2, 2]},
								"south": {"uv": [110, 0], "uv_size": [4, 2]},
								"west": {"uv": [19, 119], "uv_size": [2, 2]},
								"up": {"uv": [5, 110], "uv_size": [4, 2]},
								"down": {"uv": [9, 112], "uv_size": [4, -2]}
							}
						},
						{
							"origin": [9.10221, 7.09871, 17.74351],
							"size": [3.888, 2.016, 2.187],
							"pivot": [12.99021, 8.14271, 19.68751],
							"rotation": [-45, 0, 0],
							"uv": {
								"north": {"uv": [110, 11], "uv_size": [4, 2]},
								"east": {"uv": [119, 19], "uv_size": [2, 2]},
								"south": {"uv": [110, 37], "uv_size": [4, 2]},
								"west": {"uv": [21, 119], "uv_size": [2, 2]},
								"up": {"uv": [110, 39], "uv_size": [4, 2]},
								"down": {"uv": [41, 112], "uv_size": [4, -2]}
							}
						},
						{
							"origin": [9.10221, 6.2472, 19.34857],
							"size": [3.888, 2.187, 2.016],
							"pivot": [12.99021, 6.4902, 20.39257],
							"rotation": [22.5, 0, 0],
							"uv": {
								"north": {"uv": [45, 110], "uv_size": [4, 2]},
								"east": {"uv": [119, 21], "uv_size": [2, 2]},
								"south": {"uv": [49, 110], "uv_size": [4, 2]},
								"west": {"uv": [23, 119], "uv_size": [2, 2]},
								"up": {"uv": [110, 62], "uv_size": [4, 2]},
								"down": {"uv": [110, 68], "uv_size": [4, -2]}
							}
						},
						{
							"origin": [9.10221, 1.02107, 16.33615],
							"size": [3.888, 2.016, 2.187],
							"pivot": [12.50421, 2.15152, 19.10699],
							"rotation": [22.5, 0, 0],
							"uv": {
								"north": {"uv": [110, 68], "uv_size": [4, 2]},
								"east": {"uv": [119, 23], "uv_size": [2, 2]},
								"south": {"uv": [110, 70], "uv_size": [4, 2]},
								"west": {"uv": [25, 119], "uv_size": [2, 2]},
								"up": {"uv": [74, 110], "uv_size": [4, 2]},
								"down": {"uv": [110, 87], "uv_size": [4, -2]}
							}
						},
						{
							"origin": [9.10221, 1.10835, 18.08379],
							"size": [3.888, 2.187, 2.016],
							"pivot": [12.50421, 2.32335, 19.27882],
							"rotation": [-45, 0, 0],
							"uv": {
								"north": {"uv": [110, 87], "uv_size": [4, 2]},
								"east": {"uv": [27, 119], "uv_size": [2, 2]},
								"south": {"uv": [110, 109], "uv_size": [4, 2]},
								"west": {"uv": [119, 27], "uv_size": [2, 2]},
								"up": {"uv": [0, 111], "uv_size": [4, 2]},
								"down": {"uv": [111, 15], "uv_size": [4, -2]}
							}
						},
						{
							"origin": [9.10221, 2.88869, 18.48626],
							"size": [3.888, 2.187, 2.016],
							"pivot": [12.50421, 2.54785, 19.37181],
							"rotation": [-22.5, 0, 0],
							"uv": {
								"north": {"uv": [111, 15], "uv_size": [4, 2]},
								"east": {"uv": [29, 119], "uv_size": [2, 2]},
								"south": {"uv": [111, 17], "uv_size": [4, 2]},
								"west": {"uv": [119, 29], "uv_size": [2, 2]},
								"up": {"uv": [111, 19], "uv_size": [4, 2]},
								"down": {"uv": [20, 113], "uv_size": [4, -2]}
							}
						},
						{
							"origin": [9.10221, 4.45067, 19.36757],
							"size": [3.888, 2.187, 2.016],
							"uv": {
								"north": {"uv": [111, 21], "uv_size": [4, 2]},
								"east": {"uv": [31, 119], "uv_size": [2, 2]},
								"south": {"uv": [111, 23], "uv_size": [4, 2]},
								"west": {"uv": [33, 119], "uv_size": [2, 2]},
								"up": {"uv": [24, 111], "uv_size": [4, 2]},
								"down": {"uv": [111, 29], "uv_size": [4, -2]}
							}
						},
						{
							"origin": [9.10221, 7.2049, 12.06787],
							"size": [3.888, 2.016, 2.187],
							"pivot": [12.50421, 7.92297, 12.32605],
							"rotation": [45, 0, 0],
							"uv": {
								"north": {"uv": [28, 111], "uv_size": [4, 2]},
								"east": {"uv": [35, 119], "uv_size": [2, 2]},
								"south": {"uv": [111, 29], "uv_size": [4, 2]},
								"west": {"uv": [119, 35], "uv_size": [2, 2]},
								"up": {"uv": [32, 111], "uv_size": [4, 2]},
								"down": {"uv": [37, 113], "uv_size": [4, -2]}
							}
						},
						{
							"origin": [9.10221, 7.92307, 13.55867],
							"size": [3.888, 2.016, 2.187],
							"pivot": [12.50421, 8.09479, 12.49787],
							"rotation": [22.5, 0, 0],
							"uv": {
								"north": {"uv": [53, 111], "uv_size": [4, 2]},
								"east": {"uv": [39, 119], "uv_size": [2, 2]},
								"south": {"uv": [111, 53], "uv_size": [4, 2]},
								"west": {"uv": [41, 119], "uv_size": [2, 2]},
								"up": {"uv": [66, 111], "uv_size": [4, 2]},
								"down": {"uv": [70, 113], "uv_size": [4, -2]}
							}
						},
						{
							"origin": [9.10221, 6.01264, 10.93512],
							"size": [3.888, 2.187, 2.016],
							"pivot": [12.50421, 7.69847, 12.23305],
							"rotation": [-22.5, 0, 0],
							"uv": {
								"north": {"uv": [111, 76], "uv_size": [4, 2]},
								"east": {"uv": [43, 119], "uv_size": [2, 2]},
								"south": {"uv": [78, 111], "uv_size": [4, 2]},
								"west": {"uv": [45, 119], "uv_size": [2, 2]},
								"up": {"uv": [111, 78], "uv_size": [4, 2]},
								"down": {"uv": [111, 82], "uv_size": [4, -2]}
							}
						},
						{
							"origin": [9.10221, 4.45066, 10.38878],
							"size": [3.888, 2.187, 2.016],
							"uv": {
								"north": {"uv": [82, 111], "uv_size": [4, 2]},
								"east": {"uv": [47, 119], "uv_size": [2, 2]},
								"south": {"uv": [111, 82], "uv_size": [4, 2]},
								"west": {"uv": [53, 119], "uv_size": [2, 2]},
								"up": {"uv": [86, 111], "uv_size": [4, 2]},
								"down": {"uv": [90, 113], "uv_size": [4, -2]}
							}
						},
						{
							"origin": [9.10221, 3.21666, 11.49127],
							"size": [3.888, 2.187, 2.016],
							"pivot": [12.50421, 2.15586, 13.33555],
							"rotation": [22.5, 0, 0],
							"uv": {
								"north": {"uv": [94, 111], "uv_size": [4, 2]},
								"east": {"uv": [119, 53], "uv_size": [2, 2]},
								"south": {"uv": [98, 111], "uv_size": [4, 2]},
								"west": {"uv": [55, 119], "uv_size": [2, 2]},
								"up": {"uv": [111, 104], "uv_size": [4, 2]},
								"down": {"uv": [106, 113], "uv_size": [4, -2]}
							}
						},
						{
							"origin": [9.10221, 1.72586, 12.20944],
							"size": [3.888, 2.187, 2.016],
							"pivot": [12.50421, 1.98403, 13.50737],
							"rotation": [45, 0, 0],
							"uv": {
								"north": {"uv": [111, 106], "uv_size": [4, 2]},
								"east": {"uv": [57, 119], "uv_size": [2, 2]},
								"south": {"uv": [110, 111], "uv_size": [4, 2]},
								"west": {"uv": [59, 119], "uv_size": [2, 2]},
								"up": {"uv": [5, 112], "uv_size": [4, 2]},
								"down": {"uv": [112, 8], "uv_size": [4, -2]}
							}
						},
						{
							"origin": [9.10221, 0.59311, 13.2307],
							"size": [3.888, 2.016, 2.187],
							"pivot": [12.50421, 1.89104, 13.73188],
							"rotation": [-22.5, 0, 0],
							"uv": {
								"north": {"uv": [112, 8], "uv_size": [4, 2]},
								"east": {"uv": [119, 76], "uv_size": [2, 2]},
								"south": {"uv": [9, 112], "uv_size": [4, 2]},
								"west": {"uv": [119, 78], "uv_size": [2, 2]},
								"up": {"uv": [41, 112], "uv_size": [4, 2]},
								"down": {"uv": [45, 114], "uv_size": [4, -2]}
							}
						},
						{
							"origin": [9.10221, 0.04677, 14.79268],
							"size": [3.888, 2.016, 2.187],
							"uv": {
								"north": {"uv": [49, 112], "uv_size": [4, 2]},
								"east": {"uv": [79, 119], "uv_size": [2, 2]},
								"south": {"uv": [112, 51], "uv_size": [4, 2]},
								"west": {"uv": [119, 80], "uv_size": [2, 2]},
								"up": {"uv": [112, 55], "uv_size": [4, 2]},
								"down": {"uv": [112, 59], "uv_size": [4, -2]}
							}
						},
						{
							"origin": [10.80321, 1.72816, 12.07018],
							"size": [0.972, 7.632, 7.632],
							"uv": {
								"north": {"uv": [17, 109], "uv_size": [1, 8]},
								"east": {"uv": [79, 39], "uv_size": [8, 8]},
								"south": {"uv": [18, 109], "uv_size": [1, 8]},
								"west": {"uv": [54, 80], "uv_size": [8, 8]},
								"up": {"uv": [57, 109], "uv_size": [1, 8]},
								"down": {"uv": [102, 119], "uv_size": [1, -8]}
							}
						}
					]
				},
				{
					"name": "wheel",
					"parent": "root",
					"pivot": [-11.0605, 5.54416, 15.88618],
					"cubes": [
						{
							"origin": [-12.99021, 9.02556, 14.79268],
							"size": [3.888, 2.016, 2.187],
							"uv": {
								"north": {"uv": [112, 59], "uv_size": [4, 2]},
								"east": {"uv": [81, 119], "uv_size": [2, 2]},
								"south": {"uv": [112, 64], "uv_size": [4, 2]},
								"west": {"uv": [119, 82], "uv_size": [2, 2]},
								"up": {"uv": [112, 72], "uv_size": [4, 2]},
								"down": {"uv": [74, 114], "uv_size": [4, -2]}
							}
						},
						{
							"origin": [-12.99021, 8.35561, 16.45973],
							"size": [3.888, 2.016, 2.187],
							"pivot": [-12.99021, 9.39961, 18.40373],
							"rotation": [-22.5, 0, 0],
							"uv": {
								"north": {"uv": [112, 74], "uv_size": [4, 2]},
								"east": {"uv": [83, 119], "uv_size": [2, 2]},
								"south": {"uv": [112, 97], "uv_size": [4, 2]},
								"west": {"uv": [85, 119], "uv_size": [2, 2]},
								"up": {"uv": [112, 99], "uv_size": [4, 2]},
								"down": {"uv": [0, 115], "uv_size": [4, -2]}
							}
						},
						{
							"origin": [-12.99021, 7.09871, 17.74351],
							"size": [3.888, 2.016, 2.187],
							"pivot": [-12.99021, 8.14271, 19.68751],
							"rotation": [-45, 0, 0],
							"uv": {
								"north": {"uv": [19, 113], "uv_size": [4, 2]},
								"east": {"uv": [87, 119], "uv_size": [2, 2]},
								"south": {"uv": [23, 113], "uv_size": [4, 2]},
								"west": {"uv": [89, 119], "uv_size": [2, 2]},
								"up": {"uv": [113, 25], "uv_size": [4, 2]},
								"down": {"uv": [27, 115], "uv_size": [4, -2]}
							}
						},
						{
							"origin": [-12.99021, 6.2472, 19.34857],
							"size": [3.888, 2.187, 2.016],
							"pivot": [-12.99021, 6.4902, 20.39257],
							"rotation": [22.5, 0, 0],
							"uv": {
								"north": {"uv": [31, 113], "uv_size": [4, 2]},
								"east": {"uv": [97, 119], "uv_size": [2, 2]},
								"south": {"uv": [113, 31], "uv_size": [4, 2]},
								"west": {"uv": [99, 119], "uv_size": [2, 2]},
								"up": {"uv": [113, 33], "uv_size": [4, 2]},
								"down": {"uv": [35, 115], "uv_size": [4, -2]}
							}
						},
						{
							"origin": [-12.99021, 1.02107, 16.33615],
							"size": [3.888, 2.016, 2.187],
							"pivot": [-12.50421, 2.15152, 19.10699],
							"rotation": [22.5, 0, 0],
							"uv": {
								"north": {"uv": [113, 45], "uv_size": [4, 2]},
								"east": {"uv": [101, 119], "uv_size": [2, 2]},
								"south": {"uv": [113, 47], "uv_size": [4, 2]},
								"west": {"uv": [119, 103], "uv_size": [2, 2]},
								"up": {"uv": [113, 49], "uv_size": [4, 2]},
								"down": {"uv": [53, 115], "uv_size": [4, -2]}
							}
						},
						{
							"origin": [-12.99021, 1.10835, 18.08379],
							"size": [3.888, 2.187, 2.016],
							"pivot": [-12.50421, 2.32335, 19.27882],
							"rotation": [-45, 0, 0],
							"uv": {
								"north": {"uv": [66, 113], "uv_size": [4, 2]},
								"east": {"uv": [119, 105], "uv_size": [2, 2]},
								"south": {"uv": [70, 113], "uv_size": [4, 2]},
								"west": {"uv": [106, 119], "uv_size": [2, 2]},
								"up": {"uv": [78, 113], "uv_size": [4, 2]},
								"down": {"uv": [82, 115], "uv_size": [4, -2]}
							}
						},
						{
							"origin": [-12.99021, 2.88869, 18.48626],
							"size": [3.888, 2.187, 2.016],
							"pivot": [-12.50421, 2.54785, 19.37181],
							"rotation": [-22.5, 0, 0],
							"uv": {
								"north": {"uv": [86, 113], "uv_size": [4, 2]},
								"east": {"uv": [108, 119], "uv_size": [2, 2]},
								"south": {"uv": [113, 89], "uv_size": [4, 2]},
								"west": {"uv": [110, 119], "uv_size": [2, 2]},
								"up": {"uv": [90, 113], "uv_size": [4, 2]},
								"down": {"uv": [113, 93], "uv_size": [4, -2]}
							}
						},
						{
							"origin": [-12.99021, 4.45067, 19.36757],
							"size": [3.888, 2.187, 2.016],
							"uv": {
								"north": {"uv": [113, 93], "uv_size": [4, 2]},
								"east": {"uv": [112, 119], "uv_size": [2, 2]},
								"south": {"uv": [94, 113], "uv_size": [4, 2]},
								"west": {"uv": [5, 120], "uv_size": [2, 2]},
								"up": {"uv": [113, 95], "uv_size": [4, 2]},
								"down": {"uv": [98, 115], "uv_size": [4, -2]}
							}
						},
						{
							"origin": [-12.99021, 7.2049, 12.06787],
							"size": [3.888, 2.016, 2.187],
							"pivot": [-12.50421, 7.92297, 12.32605],
							"rotation": [45, 0, 0],
							"uv": {
								"north": {"uv": [113, 101], "uv_size": [4, 2]},
								"east": {"uv": [120, 6], "uv_size": [2, 2]},
								"south": {"uv": [106, 113], "uv_size": [4, 2]},
								"west": {"uv": [7, 120], "uv_size": [2, 2]},
								"up": {"uv": [110, 113], "uv_size": [4, 2]},
								"down": {"uv": [114, 2], "uv_size": [4, -2]}
							}
						},
						{
							"origin": [-12.99021, 7.92307, 13.55867],
							"size": [3.888, 2.016, 2.187],
							"pivot": [-12.50421, 8.09479, 12.49787],
							"rotation": [22.5, 0, 0],
							"uv": {
								"north": {"uv": [5, 114], "uv_size": [4, 2]},
								"east": {"uv": [120, 8], "uv_size": [2, 2]},
								"south": {"uv": [9, 114], "uv_size": [4, 2]},
								"west": {"uv": [9, 120], "uv_size": [2, 2]},
								"up": {"uv": [114, 11], "uv_size": [4, 2]},
								"down": {"uv": [114, 39], "uv_size": [4, -2]}
							}
						},
						{
							"origin": [-12.99021, 6.01264, 10.93512],
							"size": [3.888, 2.187, 2.016],
							"pivot": [-12.50421, 7.69847, 12.23305],
							"rotation": [-22.5, 0, 0],
							"uv": {
								"north": {"uv": [39, 114], "uv_size": [4, 2]},
								"east": {"uv": [11, 120], "uv_size": [2, 2]},
								"south": {"uv": [114, 39], "uv_size": [4, 2]},
								"west": {"uv": [120, 43], "uv_size": [2, 2]},
								"up": {"uv": [43, 114], "uv_size": [4, 2]},
								"down": {"uv": [47, 116], "uv_size": [4, -2]}
							}
						},
						{
							"origin": [-12.99021, 4.45066, 10.38878],
							"size": [3.888, 2.187, 2.016],
							"uv": {
								"north": {"uv": [114, 62], "uv_size": [4, 2]},
								"east": {"uv": [49, 120], "uv_size": [2, 2]},
								"south": {"uv": [114, 66], "uv_size": [4, 2]},
								"west": {"uv": [120, 51], "uv_size": [2, 2]},
								"up": {"uv": [114, 68], "uv_size": [4, 2]},
								"down": {"uv": [114, 72], "uv_size": [4, -2]}
							}
						},
						{
							"origin": [-12.99021, 3.21666, 11.49127],
							"size": [3.888, 2.187, 2.016],
							"pivot": [-12.50421, 2.15586, 13.33555],
							"rotation": [22.5, 0, 0],
							"uv": {
								"north": {"uv": [74, 114], "uv_size": [4, 2]},
								"east": {"uv": [120, 55], "uv_size": [2, 2]},
								"south": {"uv": [114, 84], "uv_size": [4, 2]},
								"west": {"uv": [120, 57], "uv_size": [2, 2]},
								"up": {"uv": [114, 86], "uv_size": [4, 2]},
								"down": {"uv": [114, 110], "uv_size": [4, -2]}
							}
						},
						{
							"origin": [-12.99021, 1.72586, 12.20944],
							"size": [3.888, 2.187, 2.016],
							"pivot": [-12.50421, 1.98403, 13.50737],
							"rotation": [45, 0, 0],
							"uv": {
								"north": {"uv": [114, 110], "uv_size": [4, 2]},
								"east": {"uv": [120, 59], "uv_size": [2, 2]},
								"south": {"uv": [114, 112], "uv_size": [4, 2]},
								"west": {"uv": [120, 63], "uv_size": [2, 2]},
								"up": {"uv": [114, 114], "uv_size": [4, 2]},
								"down": {"uv": [0, 117], "uv_size": [4, -2]}
							}
						},
						{
							"origin": [-12.99021, 0.59311, 13.2307],
							"size": [3.888, 2.016, 2.187],
							"pivot": [-12.50421, 1.89104, 13.73188],
							"rotation": [-22.5, 0, 0],
							"uv": {
								"north": {"uv": [115, 2], "uv_size": [4, 2]},
								"east": {"uv": [120, 65], "uv_size": [2, 2]},
								"south": {"uv": [115, 4], "uv_size": [4, 2]},
								"west": {"uv": [120, 67], "uv_size": [2, 2]},
								"up": {"uv": [13, 115], "uv_size": [4, 2]},
								"down": {"uv": [115, 15], "uv_size": [4, -2]}
							}
						},
						{
							"origin": [-12.99021, 0.04677, 14.79268],
							"size": [3.888, 2.016, 2.187],
							"uv": {
								"north": {"uv": [115, 15], "uv_size": [4, 2]},
								"east": {"uv": [120, 69], "uv_size": [2, 2]},
								"south": {"uv": [115, 17], "uv_size": [4, 2]},
								"west": {"uv": [120, 71], "uv_size": [2, 2]},
								"up": {"uv": [19, 115], "uv_size": [4, 2]},
								"down": {"uv": [115, 21], "uv_size": [4, -2]}
							}
						},
						{
							"origin": [-11.77521, 1.72816, 12.07018],
							"size": [0.972, 7.632, 7.632],
							"uv": {
								"north": {"uv": [103, 111], "uv_size": [1, 8]},
								"east": {"uv": [62, 80], "uv_size": [8, 8]},
								"south": {"uv": [51, 114], "uv_size": [1, 8]},
								"west": {"uv": [70, 80], "uv_size": [8, 8]},
								"up": {"uv": [52, 114], "uv_size": [1, 8]},
								"down": {"uv": [4, 123], "uv_size": [1, -8]}
							}
						}
					]
				},
				{
					"name": "wheel2",
					"parent": "root",
					"pivot": [-10.0605, 5.54416, -17.61382],
					"cubes": [
						{
							"origin": [-11.99021, 9.02556, -18.70732],
							"size": [3.888, 2.016, 2.187],
							"uv": {
								"north": {"uv": [115, 21], "uv_size": [4, 2]},
								"east": {"uv": [120, 73], "uv_size": [2, 2]},
								"south": {"uv": [23, 115], "uv_size": [4, 2]},
								"west": {"uv": [74, 120], "uv_size": [2, 2]},
								"up": {"uv": [115, 23], "uv_size": [4, 2]},
								"down": {"uv": [27, 117], "uv_size": [4, -2]}
							}
						},
						{
							"origin": [-11.99021, 8.35561, -17.04027],
							"size": [3.888, 2.016, 2.187],
							"pivot": [-11.99021, 9.39961, -15.09627],
							"rotation": [-22.5, 0, 0],
							"uv": {
								"north": {"uv": [115, 27], "uv_size": [4, 2]},
								"east": {"uv": [76, 120], "uv_size": [2, 2]},
								"south": {"uv": [115, 29], "uv_size": [4, 2]},
								"west": {"uv": [120, 84], "uv_size": [2, 2]},
								"up": {"uv": [31, 115], "uv_size": [4, 2]},
								"down": {"uv": [35, 117], "uv_size": [4, -2]}
							}
						},
						{
							"origin": [-11.99021, 7.09871, -15.75649],
							"size": [3.888, 2.016, 2.187],
							"pivot": [-11.99021, 8.14271, -13.81249],
							"rotation": [-45, 0, 0],
							"uv": {
								"north": {"uv": [115, 35], "uv_size": [4, 2]},
								"east": {"uv": [120, 86], "uv_size": [2, 2]},
								"south": {"uv": [53, 115], "uv_size": [4, 2]},
								"west": {"uv": [120, 90], "uv_size": [2, 2]},
								"up": {"uv": [115, 53], "uv_size": [4, 2]},
								"down": {"uv": [58, 117], "uv_size": [4, -2]}
							}
						},
						{
							"origin": [-11.99021, 6.2472, -14.15143],
							"size": [3.888, 2.187, 2.016],
							"pivot": [-11.99021, 6.4902, -13.10743],
							"rotation": [22.5, 0, 0],
							"uv": {
								"north": {"uv": [62, 115], "uv_size": [4, 2]},
								"east": {"uv": [120, 92], "uv_size": [2, 2]},
								"south": {"uv": [66, 115], "uv_size": [4, 2]},
								"west": {"uv": [120, 94], "uv_size": [2, 2]},
								"up": {"uv": [70, 115], "uv_size": [4, 2]},
								"down": {"uv": [115, 78], "uv_size": [4, -2]}
							}
						},
						{
							"origin": [-11.99021, 1.02107, -17.16385],
							"size": [3.888, 2.016, 2.187],
							"pivot": [-11.50421, 2.15152, -14.39301],
							"rotation": [22.5, 0, 0],
							"uv": {
								"north": {"uv": [78, 115], "uv_size": [4, 2]},
								"east": {"uv": [120, 96], "uv_size": [2, 2]},
								"south": {"uv": [115, 78], "uv_size": [4, 2]},
								"west": {"uv": [120, 98], "uv_size": [2, 2]},
								"up": {"uv": [115, 80], "uv_size": [4, 2]},
								"down": {"uv": [82, 117], "uv_size": [4, -2]}
							}
						},
						{
							"origin": [-11.99021, 1.10835, -15.41621],
							"size": [3.888, 2.187, 2.016],
							"pivot": [-11.50421, 2.32335, -14.22118],
							"rotation": [-45, 0, 0],
							"uv": {
								"north": {"uv": [115, 82], "uv_size": [4, 2]},
								"east": {"uv": [120, 108], "uv_size": [2, 2]},
								"south": {"uv": [86, 115], "uv_size": [4, 2]},
								"west": {"uv": [120, 110], "uv_size": [2, 2]},
								"up": {"uv": [90, 115], "uv_size": [4, 2]},
								"down": {"uv": [94, 117], "uv_size": [4, -2]}
							}
						},
						{
							"origin": [-11.99021, 2.88869, -15.01374],
							"size": [3.888, 2.187, 2.016],
							"pivot": [-11.50421, 2.54785, -14.12819],
							"rotation": [-22.5, 0, 0],
							"uv": {
								"north": {"uv": [98, 115], "uv_size": [4, 2]},
								"east": {"uv": [120, 112], "uv_size": [2, 2]},
								"south": {"uv": [115, 103], "uv_size": [4, 2]},
								"west": {"uv": [114, 120], "uv_size": [2, 2]},
								"up": {"uv": [115, 105], "uv_size": [4, 2]},
								"down": {"uv": [106, 117], "uv_size": [4, -2]}
							}
						},
						{
							"origin": [-11.99021, 4.45067, -14.13243],
							"size": [3.888, 2.187, 2.016],
							"uv": {
								"north": {"uv": [110, 115], "uv_size": [4, 2]},
								"east": {"uv": [120, 114], "uv_size": [2, 2]},
								"south": {"uv": [5, 116], "uv_size": [4, 2]},
								"west": {"uv": [116, 120], "uv_size": [2, 2]},
								"up": {"uv": [116, 6], "uv_size": [4, 2]},
								"down": {"uv": [116, 10], "uv_size": [4, -2]}
							}
						},
						{
							"origin": [-11.99021, 7.2049, -21.43213],
							"size": [3.888, 2.016, 2.187],
							"pivot": [-11.50421, 7.92297, -21.17395],
							"rotation": [45, 0, 0],
							"uv": {
								"north": {"uv": [9, 116], "uv_size": [4, 2]},
								"east": {"uv": [120, 116], "uv_size": [2, 2]},
								"south": {"uv": [39, 116], "uv_size": [4, 2]},
								"west": {"uv": [118, 120], "uv_size": [2, 2]},
								"up": {"uv": [43, 116], "uv_size": [4, 2]},
								"down": {"uv": [116, 45], "uv_size": [4, -2]}
							}
						},
						{
							"origin": [-11.99021, 7.92307, -19.94133],
							"size": [3.888, 2.016, 2.187],
							"pivot": [-11.50421, 8.09479, -21.00213],
							"rotation": [22.5, 0, 0],
							"uv": {
								"north": {"uv": [47, 116], "uv_size": [4, 2]},
								"east": {"uv": [120, 118], "uv_size": [2, 2]},
								"south": {"uv": [116, 51], "uv_size": [4, 2]},
								"west": {"uv": [120, 120], "uv_size": [2, 2]},
								"up": {"uv": [116, 55], "uv_size": [4, 2]},
								"down": {"uv": [116, 59], "uv_size": [4, -2]}
							}
						},
						{
							"origin": [-11.99021, 6.01264, -22.56488],
							"size": [3.888, 2.187, 2.016],
							"pivot": [-11.50421, 7.69847, -21.26695],
							"rotation": [-22.5, 0, 0],
							"uv": {
								"north": {"uv": [116, 59], "uv_size": [4, 2]},
								"east": {"uv": [0, 121], "uv_size": [2, 2]},
								"south": {"uv": [116, 64], "uv_size": [4, 2]},
								"west": {"uv": [121, 0], "uv_size": [2, 2]},
								"up": {"uv": [116, 72], "uv_size": [4, 2]},
								"down": {"uv": [74, 118], "uv_size": [4, -2]}
							}
						},
						{
							"origin": [-11.99021, 4.45066, -23.11122],
							"size": [3.888, 2.187, 2.016],
							"uv": {
								"north": {"uv": [116, 74], "uv_size": [4, 2]},
								"east": {"uv": [2, 121], "uv_size": [2, 2]},
								"south": {"uv": [116, 97], "uv_size": [4, 2]},
								"west": {"uv": [121, 2], "uv_size": [2, 2]},
								"up": {"uv": [116, 99], "uv_size": [4, 2]},
								"down": {"uv": [114, 118], "uv_size": [4, -2]}
							}
						},
						{
							"origin": [-11.99021, 3.21666, -22.00873],
							"size": [3.888, 2.187, 2.016],
							"pivot": [-11.50421, 2.15586, -20.16445],
							"rotation": [22.5, 0, 0],
							"uv": {
								"north": {"uv": [0, 117], "uv_size": [4, 2]},
								"east": {"uv": [121, 4], "uv_size": [2, 2]},
								"south": {"uv": [13, 117], "uv_size": [4, 2]},
								"west": {"uv": [121, 11], "uv_size": [2, 2]},
								"up": {"uv": [17, 117], "uv_size": [4, 2]},
								"down": {"uv": [21, 119], "uv_size": [4, -2]}
							}
						},
						{
							"origin": [-11.99021, 1.72586, -21.29056],
							"size": [3.888, 2.187, 2.016],
							"pivot": [-11.50421, 1.98403, -19.99263],
							"rotation": [45, 0, 0],
							"uv": {
								"north": {"uv": [25, 117], "uv_size": [4, 2]},
								"east": {"uv": [13, 121], "uv_size": [2, 2]},
								"south": {"uv": [117, 25], "uv_size": [4, 2]},
								"west": {"uv": [121, 13], "uv_size": [2, 2]},
								"up": {"uv": [29, 117], "uv_size": [4, 2]},
								"down": {"uv": [117, 33], "uv_size": [4, -2]}
							}
						},
						{
							"origin": [-11.99021, 0.59311, -20.2693],
							"size": [3.888, 2.016, 2.187],
							"pivot": [-11.50421, 1.89104, -19.76812],
							"rotation": [-22.5, 0, 0],
							"uv": {
								"north": {"uv": [33, 117], "uv_size": [4, 2]},
								"east": {"uv": [15, 121], "uv_size": [2, 2]},
								"south": {"uv": [117, 33], "uv_size": [4, 2]},
								"west": {"uv": [121, 15], "uv_size": [2, 2]},
								"up": {"uv": [117, 41], "uv_size": [4, 2]},
								"down": {"uv": [117, 47], "uv_size": [4, -2]}
							}
						},
						{
							"origin": [-11.99021, 0.04677, -18.70732],
							"size": [3.888, 2.016, 2.187],
							"uv": {
								"north": {"uv": [117, 47], "uv_size": [4, 2]},
								"east": {"uv": [17, 121], "uv_size": [2, 2]},
								"south": {"uv": [117, 49], "uv_size": [4, 2]},
								"west": {"uv": [121, 17], "uv_size": [2, 2]},
								"up": {"uv": [53, 117], "uv_size": [4, 2]},
								"down": {"uv": [57, 119], "uv_size": [4, -2]}
							}
						},
						{
							"origin": [-10.77521, 1.72816, -21.42982],
							"size": [0.972, 7.632, 7.632],
							"uv": {
								"north": {"uv": [104, 116], "uv_size": [1, 8]},
								"east": {"uv": [80, 73], "uv_size": [8, 8]},
								"south": {"uv": [105, 116], "uv_size": [1, 8]},
								"west": {"uv": [81, 47], "uv_size": [8, 8]},
								"up": {"uv": [37, 117], "uv_size": [1, 8]},
								"down": {"uv": [38, 125], "uv_size": [1, -8]}
							}
						}
					]
				},
				{
					"name": "bone",
					"parent": "root",
					"pivot": [8, 0, -8],
					"cubes": [
						{
							"origin": [9, 4, -5],
							"size": [2, 13, 27],
							"uv": {
								"north": {"uv": [84, 88], "uv_size": [2, 13]},
								"east": {"uv": [36, 25], "uv_size": [27, 13]},
								"south": {"uv": [39, 92], "uv_size": [2, 13]},
								"west": {"uv": [36, 38], "uv_size": [27, 13]},
								"up": {"uv": [58, 88], "uv_size": [2, 27]},
								"down": {"uv": [60, 115], "uv_size": [2, -27]}
							}
						},
						{
							"origin": [-9, 4, -3],
							"size": [18, 1, 25],
							"uv": {
								"north": {"uv": [97, 2], "uv_size": [18, 1]},
								"east": {"uv": [92, 41], "uv_size": [25, 1]},
								"south": {"uv": [97, 3], "uv_size": [18, 1]},
								"west": {"uv": [92, 42], "uv_size": [25, 1]},
								"up": {"uv": [0, 25], "uv_size": [18, 25]},
								"down": {"uv": [18, 50], "uv_size": [18, -25]}
							}
						},
						{
							"origin": [-9, 4, -5],
							"size": [18, 13, 2],
							"uv": {
								"north": {"uv": [59, 64], "uv_size": [18, 13]},
								"east": {"uv": [86, 92], "uv_size": [2, 13]},
								"south": {"uv": [67, 0], "uv_size": [18, 13]},
								"west": {"uv": [88, 92], "uv_size": [2, 13]},
								"up": {"uv": [89, 53], "uv_size": [18, 2]},
								"down": {"uv": [90, 8], "uv_size": [18, -2]}
							}
						},
						{
							"origin": [-11, 4, 22],
							"size": [22, 13, 2],
							"uv": {
								"north": {"uv": [59, 51], "uv_size": [22, 13]},
								"east": {"uv": [90, 92], "uv_size": [2, 13]},
								"south": {"uv": [0, 63], "uv_size": [22, 13]},
								"west": {"uv": [47, 94], "uv_size": [2, 13]},
								"up": {"uv": [89, 27], "uv_size": [22, 2]},
								"down": {"uv": [89, 31], "uv_size": [22, -2]}
							}
						},
						{
							"origin": [-11, 4, -5],
							"size": [2, 13, 27],
							"uv": {
								"north": {"uv": [45, 92], "uv_size": [2, 13]},
								"east": {"uv": [40, 0], "uv_size": [27, 13]},
								"south": {"uv": [92, 81], "uv_size": [2, 13]},
								"west": {"uv": [0, 50], "uv_size": [27, 13]},
								"up": {"uv": [62, 88], "uv_size": [2, 27]},
								"down": {"uv": [64, 115], "uv_size": [2, -27]}
							}
						},
						{
							"origin": [-8, 4, -24],
							"size": [16, 13, 19],
							"uv": {
								"north": {"uv": [22, 70], "uv_size": [16, 13]},
								"east": {"uv": [63, 13], "uv_size": [19, 13]},
								"south": {"uv": [38, 70], "uv_size": [16, 13]},
								"west": {"uv": [63, 26], "uv_size": [19, 13]},
								"up": {"uv": [27, 51], "uv_size": [16, 19]},
								"down": {"uv": [43, 70], "uv_size": [16, -19]}
							}
						},
						{
							"origin": [11, 4, -6],
							"size": [2, 2, 13],
							"uv": {
								"north": {"uv": [19, 121], "uv_size": [2, 2]},
								"east": {"uv": [90, 59], "uv_size": [13, 2]},
								"south": {"uv": [121, 19], "uv_size": [2, 2]},
								"west": {"uv": [91, 25], "uv_size": [13, 2]},
								"up": {"uv": [41, 92], "uv_size": [2, 13]},
								"down": {"uv": [43, 105], "uv_size": [2, -13]}
							}
						},
						{
							"origin": [-13, 3.70711, 24.19239],
							"size": [26, 3, 1],
							"uv": {
								"north": {"uv": [54, 77], "uv_size": [26, 3]},
								"east": {"uv": [40, 121], "uv_size": [1, 3]},
								"south": {"uv": [77, 64], "uv_size": [26, 3]},
								"west": {"uv": [41, 121], "uv_size": [1, 3]},
								"up": {"uv": [90, 10], "uv_size": [26, 1]},
								"down": {"uv": [90, 62], "uv_size": [26, -1]}
							}
						},
						{
							"origin": [11, 4, 7],
							"size": [2, 5, 2],
							"uv": {
								"north": {"uv": [82, 104], "uv_size": [2, 5]},
								"east": {"uv": [92, 104], "uv_size": [2, 5]},
								"south": {"uv": [5, 105], "uv_size": [2, 5]},
								"west": {"uv": [11, 105], "uv_size": [2, 5]},
								"up": {"uv": [21, 121], "uv_size": [2, 2]},
								"down": {"uv": [121, 23], "uv_size": [2, -2]}
							}
						},
						{
							"origin": [-13, 4, 7],
							"size": [2, 5, 2],
							"uv": {
								"north": {"uv": [84, 104], "uv_size": [-2, 5]},
								"east": {"uv": [13, 105], "uv_size": [-2, 5]},
								"south": {"uv": [7, 105], "uv_size": [-2, 5]},
								"west": {"uv": [94, 104], "uv_size": [-2, 5]},
								"up": {"uv": [21, 123], "uv_size": [2, -2]},
								"down": {"uv": [121, 23], "uv_size": [2, -2]}
							}
						},
						{
							"origin": [-13, 4, -6],
							"size": [2, 2, 13],
							"uv": {
								"north": {"uv": [21, 121], "uv_size": [-2, 2]},
								"east": {"uv": [104, 25], "uv_size": [-13, 2]},
								"south": {"uv": [123, 19], "uv_size": [-2, 2]},
								"west": {"uv": [103, 59], "uv_size": [-13, 2]},
								"up": {"uv": [41, 105], "uv_size": [2, -13]},
								"down": {"uv": [43, 105], "uv_size": [2, -13]}
							}
						},
						{
							"origin": [8, 3.70711, 22.19239],
							"size": [5, 6, 2],
							"uv": {
								"north": {"uv": [16, 76], "uv_size": [5, 6]},
								"east": {"uv": [66, 103], "uv_size": [2, 6]},
								"south": {"uv": [91, 13], "uv_size": [5, 6]},
								"west": {"uv": [68, 103], "uv_size": [2, 6]},
								"up": {"uv": [105, 37], "uv_size": [5, 2]},
								"down": {"uv": [39, 107], "uv_size": [5, -2]}
							}
						},
						{
							"origin": [10, 5.94975, 12.36396],
							"size": [3, 7, 2],
							"inflate": -0.01,
							"pivot": [10.5, 13.94975, 13.36396],
							"rotation": [-45, 0, 0],
							"uv": {
								"north": {"uv": [23, 96], "uv_size": [3, 7]},
								"east": {"uv": [70, 99], "uv_size": [2, 7]},
								"south": {"uv": [26, 96], "uv_size": [3, 7]},
								"west": {"uv": [84, 101], "uv_size": [2, 7]},
								"up": {"uv": [97, 117], "uv_size": [3, 2]},
								"down": {"uv": [106, 119], "uv_size": [3, -2]}
							}
						},
						{
							"origin": [8, 6.94975, 17.53553],
							"size": [5, 6, 2],
							"inflate": -0.01,
							"pivot": [10.5, 13.94975, 18.53553],
							"rotation": [45, 0, 0],
							"uv": {
								"north": {"uv": [22, 63], "uv_size": [5, 6]},
								"east": {"uv": [53, 103], "uv_size": [2, 6]},
								"south": {"uv": [54, 70], "uv_size": [5, 6]},
								"west": {"uv": [55, 103], "uv_size": [2, 6]},
								"up": {"uv": [22, 105], "uv_size": [5, 2]},
								"down": {"uv": [27, 107], "uv_size": [5, -2]}
							}
						},
						{
							"origin": [10, 11.94975, 11.94975],
							"size": [3, 2, 8],
							"uv": {
								"north": {"uv": [109, 117], "uv_size": [3, 2]},
								"east": {"uv": [99, 77], "uv_size": [8, 2]},
								"south": {"uv": [118, 0], "uv_size": [3, 2]},
								"west": {"uv": [12, 100], "uv_size": [8, 2]},
								"up": {"uv": [0, 95], "uv_size": [3, 8]},
								"down": {"uv": [3, 103], "uv_size": [3, -8]}
							}
						},
						{
							"origin": [-13, 5.94975, 12.36396],
							"size": [3, 7, 2],
							"inflate": -0.01,
							"pivot": [-10.5, 13.94975, 13.36396],
							"rotation": [-45, 0, 0],
							"uv": {
								"north": {"uv": [73, 96], "uv_size": [3, 7]},
								"east": {"uv": [17, 102], "uv_size": [2, 7]},
								"south": {"uv": [96, 73], "uv_size": [3, 7]},
								"west": {"uv": [34, 102], "uv_size": [2, 7]},
								"up": {"uv": [118, 11], "uv_size": [3, 2]},
								"down": {"uv": [118, 39], "uv_size": [3, -2]}
							}
						},
						{
							"origin": [-13, 11.94975, 11.94975],
							"size": [3, 2, 8],
							"uv": {
								"north": {"uv": [5, 118], "uv_size": [3, 2]},
								"east": {"uv": [29, 100], "uv_size": [8, 2]},
								"south": {"uv": [8, 118], "uv_size": [3, 2]},
								"west": {"uv": [100, 98], "uv_size": [8, 2]},
								"up": {"uv": [6, 95], "uv_size": [3, 8]},
								"down": {"uv": [9, 103], "uv_size": [3, -8]}
							}
						},
						{
							"origin": [-13, 6.94975, 17.53553],
							"size": [5, 6, 2],
							"inflate": -0.01,
							"pivot": [-10.5, 13.94975, 18.53553],
							"rotation": [45, 0, 0],
							"uv": {
								"north": {"uv": [34, 92], "uv_size": [5, 6]},
								"east": {"uv": [100, 103], "uv_size": [2, 6]},
								"south": {"uv": [92, 35], "uv_size": [5, 6]},
								"west": {"uv": [102, 103], "uv_size": [2, 6]},
								"up": {"uv": [86, 105], "uv_size": [5, 2]},
								"down": {"uv": [105, 89], "uv_size": [5, -2]}
							}
						},
						{
							"origin": [-13, 3.70711, 22.19239],
							"size": [5, 6, 2],
							"uv": {
								"north": {"uv": [91, 19], "uv_size": [5, 6]},
								"east": {"uv": [72, 103], "uv_size": [2, 6]},
								"south": {"uv": [29, 92], "uv_size": [5, 6]},
								"west": {"uv": [74, 103], "uv_size": [2, 6]},
								"up": {"uv": [105, 39], "uv_size": [5, 2]},
								"down": {"uv": [105, 87], "uv_size": [5, -2]}
							}
						},
						{
							"origin": [8, 19.31371, -13.97056],
							"size": [5, 2, 11],
							"pivot": [13, 15.31371, -22.97056],
							"rotation": [-45, 0, 0],
							"uv": {
								"north": {"uv": [103, 51], "uv_size": [5, 2]},
								"east": {"uv": [92, 45], "uv_size": [11, 2]},
								"south": {"uv": [103, 59], "uv_size": [5, 2]},
								"west": {"uv": [12, 96], "uv_size": [11, 2]},
								"up": {"uv": [48, 83], "uv_size": [5, 11]},
								"down": {"uv": [0, 95], "uv_size": [5, -11]}
							}
						},
						{
							"origin": [8, 11.19239, -23.36396],
							"size": [5, 2, 11],
							"uv": {
								"north": {"uv": [103, 64], "uv_size": [5, 2]},
								"east": {"uv": [96, 13], "uv_size": [11, 2]},
								"south": {"uv": [103, 73], "uv_size": [5, 2]},
								"west": {"uv": [96, 15], "uv_size": [11, 2]},
								"up": {"uv": [5, 84], "uv_size": [5, 11]},
								"down": {"uv": [10, 95], "uv_size": [5, -11]}
							}
						},
						{
							"origin": [7, 4.4187, -31.47435],
							"size": [6, 8, 2],
							"pivot": [13, -7.5813, -25.47435],
							"rotation": [-22.5, 0, 0],
							"uv": {
								"north": {"uv": [66, 88], "uv_size": [6, 8]},
								"east": {"uv": [82, 96], "uv_size": [2, 8]},
								"south": {"uv": [72, 88], "uv_size": [6, 8]},
								"west": {"uv": [94, 97], "uv_size": [2, 8]},
								"up": {"uv": [22, 103], "uv_size": [6, 2]},
								"down": {"uv": [103, 47], "uv_size": [6, -2]}
							}
						},
						{
							"origin": [-13, 4.4187, -31.47435],
							"size": [6, 8, 2],
							"pivot": [-13, -7.5813, -25.47435],
							"rotation": [-22.5, 0, 0],
							"uv": {
								"north": {"uv": [88, 73], "uv_size": [6, 8]},
								"east": {"uv": [20, 98], "uv_size": [2, 8]},
								"south": {"uv": [78, 88], "uv_size": [6, 8]},
								"west": {"uv": [37, 98], "uv_size": [2, 8]},
								"up": {"uv": [103, 47], "uv_size": [6, 2]},
								"down": {"uv": [103, 51], "uv_size": [6, -2]}
							}
						},
						{
							"origin": [-13, 11.19239, -23.36396],
							"size": [5, 2, 11],
							"uv": {
								"north": {"uv": [104, 103], "uv_size": [5, 2]},
								"east": {"uv": [96, 21], "uv_size": [11, 2]},
								"south": {"uv": [0, 105], "uv_size": [5, 2]},
								"west": {"uv": [96, 23], "uv_size": [11, 2]},
								"up": {"uv": [87, 81], "uv_size": [5, 11]},
								"down": {"uv": [53, 99], "uv_size": [5, -11]}
							}
						},
						{
							"origin": [-13, 19.31371, -13.97056],
							"size": [5, 2, 11],
							"pivot": [-13, 15.31371, -22.97056],
							"rotation": [-45, 0, 0],
							"uv": {
								"north": {"uv": [103, 75], "uv_size": [5, 2]},
								"east": {"uv": [96, 17], "uv_size": [11, 2]},
								"south": {"uv": [104, 25], "uv_size": [5, 2]},
								"west": {"uv": [96, 19], "uv_size": [11, 2]},
								"up": {"uv": [85, 0], "uv_size": [5, 11]},
								"down": {"uv": [87, 47], "uv_size": [5, -11]}
							}
						},
						{
							"origin": [-3.5, 6, -25],
							"size": [7, 9, 1],
							"uv": {
								"north": {"uv": [56, 13], "uv_size": [7, 9]},
								"east": {"uv": [14, 105], "uv_size": [1, 9]},
								"south": {"uv": [82, 27], "uv_size": [7, 9]},
								"west": {"uv": [15, 105], "uv_size": [1, 9]},
								"up": {"uv": [27, 50], "uv_size": [7, 1]},
								"down": {"uv": [115, 108], "uv_size": [7, -1]}
							}
						},
						{
							"origin": [-12, 4, -27],
							"size": [24, 3, 1],
							"uv": {
								"north": {"uv": [77, 67], "uv_size": [24, 3]},
								"east": {"uv": [36, 121], "uv_size": [1, 3]},
								"south": {"uv": [77, 70], "uv_size": [24, 3]},
								"west": {"uv": [39, 121], "uv_size": [1, 3]},
								"up": {"uv": [92, 43], "uv_size": [24, 1]},
								"down": {"uv": [92, 45], "uv_size": [24, -1]}
							}
						},
						{
							"origin": [7.31371, 4, -15.68629],
							"size": [5, 3, 1],
							"pivot": [23.31371, 5, -15.68629],
							"rotation": [0, -45, 0],
							"uv": {
								"north": {"uv": [82, 36], "uv_size": [5, 3]},
								"east": {"uv": [121, 46], "uv_size": [1, 3]},
								"south": {"uv": [100, 100], "uv_size": [5, 3]},
								"west": {"uv": [53, 121], "uv_size": [1, 3]},
								"up": {"uv": [22, 69], "uv_size": [5, 1]},
								"down": {"uv": [54, 77], "uv_size": [5, -1]}
							}
						},
						{
							"origin": [-12.31371, 4, -15.68629],
							"size": [5, 3, 1],
							"pivot": [-23.31371, 5, -15.68629],
							"rotation": [0, 45, 0],
							"uv": {
								"north": {"uv": [101, 67], "uv_size": [5, 3]},
								"east": {"uv": [54, 121], "uv_size": [1, 3]},
								"south": {"uv": [101, 70], "uv_size": [5, 3]},
								"west": {"uv": [55, 121], "uv_size": [1, 3]},
								"up": {"uv": [16, 82], "uv_size": [5, 1]},
								"down": {"uv": [39, 119], "uv_size": [5, -1]}
							}
						},
						{
							"origin": [-6.5, 3.5, -28],
							"size": [2, 4, 4],
							"uv": {
								"north": {"uv": [79, 47], "uv_size": [2, 4]},
								"east": {"uv": [96, 98], "uv_size": [4, 4]},
								"south": {"uv": [32, 105], "uv_size": [2, 4]},
								"west": {"uv": [53, 99], "uv_size": [4, 4]},
								"up": {"uv": [94, 105], "uv_size": [2, 4]},
								"down": {"uv": [61, 121], "uv_size": [2, -4]}
							}
						},
						{
							"origin": [4.5, 3.5, -28],
							"size": [2, 4, 4],
							"uv": {
								"north": {"uv": [63, 117], "uv_size": [2, 4]},
								"east": {"uv": [66, 99], "uv_size": [4, 4]},
								"south": {"uv": [65, 117], "uv_size": [2, 4]},
								"west": {"uv": [99, 73], "uv_size": [4, 4]},
								"up": {"uv": [67, 117], "uv_size": [2, 4]},
								"down": {"uv": [69, 121], "uv_size": [2, -4]}
							}
						},
						{
							"origin": [4.5, 13, -25],
							"size": [3, 3, 1],
							"uv": {
								"north": {"uv": [77, 73], "uv_size": [3, 3]},
								"east": {"uv": [42, 121], "uv_size": [1, 3]},
								"south": {"uv": [44, 105], "uv_size": [3, 3]},
								"west": {"uv": [43, 121], "uv_size": [1, 3]},
								"up": {"uv": [121, 41], "uv_size": [3, 1]},
								"down": {"uv": [121, 43], "uv_size": [3, -1]}
							}
						},
						{
							"origin": [-7.5, 13, -25],
							"size": [3, 3, 1],
							"uv": {
								"north": {"uv": [105, 100], "uv_size": [3, 3]},
								"east": {"uv": [44, 121], "uv_size": [1, 3]},
								"south": {"uv": [104, 105], "uv_size": [3, 3]},
								"west": {"uv": [45, 121], "uv_size": [1, 3]},
								"up": {"uv": [121, 45], "uv_size": [3, 1]},
								"down": {"uv": [46, 122], "uv_size": [3, -1]}
							}
						},
						{
							"origin": [8, 16.22732, -3.14282],
							"size": [2, 10, 1],
							"pivot": [0, 20.72732, -2.64282],
							"rotation": [-22.5, 0, 0],
							"uv": {
								"north": {"uv": [92, 94], "uv_size": [2, 10]},
								"east": {"uv": [57, 99], "uv_size": [1, 10]},
								"south": {"uv": [76, 96], "uv_size": [2, 10]},
								"west": {"uv": [19, 102], "uv_size": [1, 10]},
								"up": {"uv": [70, 108], "uv_size": [2, 1]},
								"down": {"uv": [80, 109], "uv_size": [2, -1]}
							}
						},
						{
							"origin": [-10, 24, -1],
							"size": [20, 2, 25],
							"uv": {
								"north": {"uv": [89, 31], "uv_size": [20, 2]},
								"east": {"uv": [81, 62], "uv_size": [25, 2]},
								"south": {"uv": [89, 33], "uv_size": [20, 2]},
								"west": {"uv": [85, 11], "uv_size": [25, 2]},
								"up": {"uv": [0, 0], "uv_size": [20, 25]},
								"down": {"uv": [20, 25], "uv_size": [20, -25]}
							}
						},
						{
							"origin": [-10, 16.22732, -3.14282],
							"size": [2, 10, 1],
							"pivot": [0, 20.72732, -2.64282],
							"rotation": [-22.5, 0, 0],
							"uv": {
								"north": {"uv": [78, 96], "uv_size": [2, 10]},
								"east": {"uv": [36, 102], "uv_size": [1, 10]},
								"south": {"uv": [80, 96], "uv_size": [2, 10]},
								"west": {"uv": [13, 105], "uv_size": [1, 10]},
								"up": {"uv": [84, 108], "uv_size": [2, 1]},
								"down": {"uv": [74, 110], "uv_size": [2, -1]}
							}
						},
						{
							"origin": [9, 17, 6],
							"size": [1, 7, 2],
							"uv": {
								"north": {"uv": [91, 117], "uv_size": [1, 7]},
								"east": {"uv": [7, 103], "uv_size": [2, 7]},
								"south": {"uv": [92, 117], "uv_size": [1, 7]},
								"west": {"uv": [9, 103], "uv_size": [2, 7]},
								"up": {"uv": [61, 121], "uv_size": [1, 2]},
								"down": {"uv": [62, 123], "uv_size": [1, -2]}
							}
						},
						{
							"origin": [-10, 17, 6],
							"size": [1, 7, 2],
							"uv": {
								"north": {"uv": [21, 76], "uv_size": [1, 7]},
								"east": {"uv": [96, 102], "uv_size": [2, 7]},
								"south": {"uv": [117, 90], "uv_size": [1, 7]},
								"west": {"uv": [98, 102], "uv_size": [2, 7]},
								"up": {"uv": [121, 53], "uv_size": [1, 2]},
								"down": {"uv": [60, 123], "uv_size": [1, -2]}
							}
						},
						{
							"origin": [-10, 17, 16],
							"size": [1, 7, 8],
							"uv": {
								"north": {"uv": [95, 117], "uv_size": [1, 7]},
								"east": {"uv": [32, 83], "uv_size": [8, 7]},
								"south": {"uv": [96, 117], "uv_size": [1, 7]},
								"west": {"uv": [40, 83], "uv_size": [8, 7]},
								"up": {"uv": [73, 117], "uv_size": [1, 8]},
								"down": {"uv": [78, 125], "uv_size": [1, -8]}
							}
						},
						{
							"origin": [9, 17, 16],
							"size": [1, 7, 8],
							"uv": {
								"north": {"uv": [93, 117], "uv_size": [1, 7]},
								"east": {"uv": [16, 83], "uv_size": [8, 7]},
								"south": {"uv": [94, 117], "uv_size": [1, 7]},
								"west": {"uv": [24, 83], "uv_size": [8, 7]},
								"up": {"uv": [71, 117], "uv_size": [1, 8]},
								"down": {"uv": [72, 125], "uv_size": [1, -8]}
							}
						},
						{
							"origin": [4, 19, 23],
							"size": [5, 3, 1],
							"uv": {
								"north": {"uv": [12, 102], "uv_size": [5, 3]},
								"east": {"uv": [56, 121], "uv_size": [1, 3]},
								"south": {"uv": [29, 102], "uv_size": [5, 3]},
								"west": {"uv": [57, 121], "uv_size": [1, 3]},
								"up": {"uv": [118, 39], "uv_size": [5, 1]},
								"down": {"uv": [118, 41], "uv_size": [5, -1]}
							}
						},
						{
							"origin": [-9, 19, 23],
							"size": [5, 3, 1],
							"uv": {
								"north": {"uv": [102, 79], "uv_size": [5, 3]},
								"east": {"uv": [58, 121], "uv_size": [1, 3]},
								"south": {"uv": [102, 82], "uv_size": [5, 3]},
								"west": {"uv": [59, 121], "uv_size": [1, 3]},
								"up": {"uv": [44, 118], "uv_size": [5, 1]},
								"down": {"uv": [118, 63], "uv_size": [5, -1]}
							}
						},
						{
							"origin": [-9, 17, 23],
							"size": [18, 2, 1],
							"uv": {
								"north": {"uv": [90, 8], "uv_size": [18, 2]},
								"east": {"uv": [63, 121], "uv_size": [1, 2]},
								"south": {"uv": [29, 90], "uv_size": [18, 2]},
								"west": {"uv": [64, 121], "uv_size": [1, 2]},
								"up": {"uv": [97, 4], "uv_size": [18, 1]},
								"down": {"uv": [97, 6], "uv_size": [18, -1]}
							}
						},
						{
							"origin": [-9, 22, 23],
							"size": [18, 2, 1],
							"uv": {
								"north": {"uv": [90, 55], "uv_size": [18, 2]},
								"east": {"uv": [65, 121], "uv_size": [1, 2]},
								"south": {"uv": [90, 57], "uv_size": [18, 2]},
								"west": {"uv": [66, 121], "uv_size": [1, 2]},
								"up": {"uv": [97, 35], "uv_size": [18, 1]},
								"down": {"uv": [97, 37], "uv_size": [18, -1]}
							}
						},
						{
							"origin": [6, 8.70711, 23.94239],
							"size": [4, 2, 1],
							"uv": {
								"north": {"uv": [79, 117], "uv_size": [4, 2]},
								"east": {"uv": [67, 121], "uv_size": [1, 2]},
								"south": {"uv": [83, 117], "uv_size": [4, 2]},
								"west": {"uv": [68, 121], "uv_size": [1, 2]},
								"up": {"uv": [105, 89], "uv_size": [4, 1]},
								"down": {"uv": [120, 76], "uv_size": [4, -1]}
							}
						},
						{
							"origin": [-10, 8.70711, 23.94239],
							"size": [4, 2, 1],
							"uv": {
								"north": {"uv": [87, 117], "uv_size": [4, 2]},
								"east": {"uv": [69, 121], "uv_size": [1, 2]},
								"south": {"uv": [117, 88], "uv_size": [4, 2]},
								"west": {"uv": [70, 121], "uv_size": [1, 2]},
								"up": {"uv": [120, 100], "uv_size": [4, 1]},
								"down": {"uv": [23, 122], "uv_size": [4, -1]}
							}
						}
					]
				}
			]
		}
	]
}