{
	"format_version": "1.12.0",
	"minecraft:geometry": [
		{
			"description": {
				"identifier": "geometry.car3",
				"texture_width": 128,
				"texture_height": 128,
				"visible_bounds_width": 5,
				"visible_bounds_height": 2.5,
				"visible_bounds_offset": [0, 0.75, 0]
			},
			"bones": [
				{
					"name": "root",
					"pivot": [-2.5, 3.70711, 0.20711],
					"cubes": [
						{
							"origin": [-11.5, 4, 20.30761],
							"size": [23, 3, 6],
							"uv": {
								"north": {"uv": [43.5, 9], "uv_size": [11.5, 1.5]},
								"east": {"uv": [29.5, 4.5], "uv_size": [3, 1.5]},
								"south": {"uv": [43.5, 10.5], "uv_size": [11.5, 1.5]},
								"west": {"uv": [29.5, 6], "uv_size": [3, 1.5]},
								"up": {"uv": [34, 38], "uv_size": [11.5, 3]},
								"down": {"uv": [5.5, 41.5], "uv_size": [11.5, -3]}
							}
						},
						{
							"origin": [-11.5, 7, 20.30761],
							"size": [23, 6, 9],
							"uv": {
								"north": {"uv": [39, 29.5], "uv_size": [11.5, 3]},
								"east": {"uv": [46.5, 0], "uv_size": [4.5, 3]},
								"south": {"uv": [39, 32.5], "uv_size": [11.5, 3]},
								"west": {"uv": [47, 21], "uv_size": [4.5, 3]},
								"up": {"uv": [29, 25], "uv_size": [11.5, 4.5]},
								"down": {"uv": [0, 34], "uv_size": [11.5, -4.5]}
							}
						},
						{
							"origin": [-9.5, 9, 28.80761],
							"size": [19, 3, 1],
							"uv": {
								"north": {"uv": [46, 18], "uv_size": [9.5, 1.5]},
								"east": {"uv": [11, 55.5], "uv_size": [0.5, 1.5]},
								"south": {"uv": [46, 19.5], "uv_size": [9.5, 1.5]},
								"west": {"uv": [11.5, 55.5], "uv_size": [0.5, 1.5]},
								"up": {"uv": [48.5, 44], "uv_size": [9.5, 0.5]},
								"down": {"uv": [48.5, 45], "uv_size": [9.5, -0.5]}
							}
						},
						{
							"origin": [-11.5, 6.03553, 27.97918],
							"size": [23, 4, 3],
							"pivot": [0.5, 10.53553, 26.47918],
							"rotation": [-45, 0, 0],
							"uv": {
								"north": {"uv": [39, 35.5], "uv_size": [11.5, 2]},
								"east": {"uv": [33.5, 13.5], "uv_size": [1.5, 2]},
								"south": {"uv": [40.5, 27.5], "uv_size": [11.5, 2]},
								"west": {"uv": [35, 13.5], "uv_size": [1.5, 2]},
								"up": {"uv": [43.5, 12], "uv_size": [11.5, 1.5]},
								"down": {"uv": [44, 6], "uv_size": [11.5, -1.5]}
							}
						},
						{
							"origin": [9.5, 4, -8.69239],
							"size": [2, 9, 29],
							"uv": {
								"north": {"uv": [20.5, 48.5], "uv_size": [1, 4.5]},
								"east": {"uv": [23, 16], "uv_size": [14.5, 4.5]},
								"south": {"uv": [21.5, 48.5], "uv_size": [1, 4.5]},
								"west": {"uv": [23, 20.5], "uv_size": [14.5, 4.5]},
								"up": {"uv": [43, 46], "uv_size": [1, 14.5]},
								"down": {"uv": [44, 60.5], "uv_size": [1, -14.5]}
							}
						},
						{
							"origin": [-11.5, 4, -28.69239],
							"size": [23, 9, 20],
							"uv": {
								"north": {"uv": [29.5, 0], "uv_size": [11.5, 4.5]},
								"east": {"uv": [33.5, 9], "uv_size": [10, 4.5]},
								"south": {"uv": [11.5, 29.5], "uv_size": [11.5, 4.5]},
								"west": {"uv": [5.5, 34], "uv_size": [10, 4.5]},
								"up": {"uv": [0, 15], "uv_size": [11.5, 10]},
								"down": {"uv": [11.5, 25], "uv_size": [11.5, -10]}
							}
						},
						{
							"origin": [-9.5, 4, -9.69239],
							"size": [19, 1, 30],
							"uv": {
								"north": {"uv": [48.5, 45], "uv_size": [9.5, 0.5]},
								"east": {"uv": [46.5, 4], "uv_size": [15, 0.5]},
								"south": {"uv": [48.5, 45.5], "uv_size": [9.5, 0.5]},
								"west": {"uv": [47, 27], "uv_size": [15, 0.5]},
								"up": {"uv": [0, 0], "uv_size": [9.5, 15]},
								"down": {"uv": [9.5, 15], "uv_size": [9.5, -15]}
							}
						},
						{
							"origin": [-10, 13, 20.30761],
							"size": [20, 1, 9],
							"uv": {
								"north": {"uv": [47.5, 17.5], "uv_size": [10, 0.5]},
								"east": {"uv": [39, 37.5], "uv_size": [4.5, 0.5]},
								"south": {"uv": [48.5, 43.5], "uv_size": [10, 0.5]},
								"west": {"uv": [11, 48], "uv_size": [4.5, 0.5]},
								"up": {"uv": [15.5, 34], "uv_size": [10, 4.5]},
								"down": {"uv": [37.5, 18], "uv_size": [10, -4.5]}
							}
						},
						{
							"origin": [-11, 2, -30.69239],
							"size": [22, 3, 2],
							"uv": {
								"north": {"uv": [44, 6], "uv_size": [11, 1.5]},
								"east": {"uv": [36.5, 13.5], "uv_size": [1, 1.5]},
								"south": {"uv": [44, 7.5], "uv_size": [11, 1.5]},
								"west": {"uv": [39.5, 22.5], "uv_size": [1, 1.5]},
								"up": {"uv": [46.5, 3], "uv_size": [11, 1]},
								"down": {"uv": [47, 25], "uv_size": [11, -1]}
							}
						},
						{
							"origin": [-5.5, 5, -29.69239],
							"size": [11, 9, 17],
							"uv": {
								"north": {"uv": [41, 0], "uv_size": [5.5, 4.5]},
								"east": {"uv": [37.5, 18], "uv_size": [8.5, 4.5]},
								"south": {"uv": [5.5, 41.5], "uv_size": [5.5, 4.5]},
								"west": {"uv": [25.5, 38], "uv_size": [8.5, 4.5]},
								"up": {"uv": [33.5, 29.5], "uv_size": [5.5, 8.5]},
								"down": {"uv": [0, 42.5], "uv_size": [5.5, -8.5]}
							}
						},
						{
							"origin": [-11.5, 4, -8.69239],
							"size": [2, 9, 29],
							"uv": {
								"north": {"uv": [22.5, 48.5], "uv_size": [1, 4.5]},
								"east": {"uv": [0, 25], "uv_size": [14.5, 4.5]},
								"south": {"uv": [48.5, 46], "uv_size": [1, 4.5]},
								"west": {"uv": [14.5, 25], "uv_size": [14.5, 4.5]},
								"up": {"uv": [45, 46], "uv_size": [1, 14.5]},
								"down": {"uv": [46, 60.5], "uv_size": [1, -14.5]}
							}
						},
						{
							"origin": [-10.5, 5, -12.69239],
							"size": [21, 9, 3],
							"uv": {
								"north": {"uv": [23, 29.5], "uv_size": [10.5, 4.5]},
								"east": {"uv": [47, 42.5], "uv_size": [1.5, 4.5]},
								"south": {"uv": [33.5, 4.5], "uv_size": [10.5, 4.5]},
								"west": {"uv": [47, 47], "uv_size": [1.5, 4.5]},
								"up": {"uv": [45.5, 37.5], "uv_size": [10.5, 1.5]},
								"down": {"uv": [45.5, 40.5], "uv_size": [10.5, -1.5]}
							}
						},
						{
							"origin": [1.09012, 4, -22.8663],
							"size": [6, 10, 13],
							"inflate": -0.01,
							"pivot": [2.09012, 9, -19.8663],
							"rotation": [0, 22.5, 0],
							"uv": {
								"north": {"uv": [20.5, 43.5], "uv_size": [3, 5]},
								"east": {"uv": [17, 38.5], "uv_size": [6.5, 5]},
								"south": {"uv": [34, 46], "uv_size": [3, 5]},
								"west": {"uv": [40.5, 22.5], "uv_size": [6.5, 5]},
								"up": {"uv": [19, 8], "uv_size": [3, 6.5]},
								"down": {"uv": [11, 48], "uv_size": [3, -6.5]}
							}
						},
						{
							"origin": [-7.09012, 4, -22.8663],
							"size": [6, 10, 13],
							"inflate": -0.01,
							"pivot": [-2.09012, 9, -19.8663],
							"rotation": [0, -22.5, 0],
							"uv": {
								"north": {"uv": [37, 46], "uv_size": [3, 5]},
								"east": {"uv": [34, 41], "uv_size": [6.5, 5]},
								"south": {"uv": [40, 46], "uv_size": [3, 5]},
								"west": {"uv": [40.5, 41], "uv_size": [6.5, 5]},
								"up": {"uv": [14, 41.5], "uv_size": [3, 6.5]},
								"down": {"uv": [0, 49], "uv_size": [3, -6.5]}
							}
						},
						{
							"origin": [6.5, 9, -29.69239],
							"size": [4, 2, 1],
							"uv": {
								"north": {"uv": [37.5, 22.5], "uv_size": [2, 1]},
								"east": {"uv": [37, 15], "uv_size": [0.5, 1]},
								"south": {"uv": [37.5, 23.5], "uv_size": [2, 1]},
								"west": {"uv": [55.5, 50.5], "uv_size": [0.5, 1]},
								"up": {"uv": [29.5, 7.5], "uv_size": [2, 0.5]},
								"down": {"uv": [37.5, 25], "uv_size": [2, -0.5]}
							}
						},
						{
							"origin": [-10.5, 9, -29.69239],
							"size": [4, 2, 1],
							"uv": {
								"north": {"uv": [11, 49.5], "uv_size": [2, 1]},
								"east": {"uv": [51, 55.5], "uv_size": [0.5, 1]},
								"south": {"uv": [13, 49.5], "uv_size": [2, 1]},
								"west": {"uv": [51.5, 55.5], "uv_size": [0.5, 1]},
								"up": {"uv": [23.5, 42], "uv_size": [2, 0.5]},
								"down": {"uv": [43.5, 38], "uv_size": [2, -0.5]}
							}
						},
						{
							"origin": [8.5, 25.12132, -5.18629],
							"size": [2, 2, 13],
							"pivot": [12.5, 14.12132, 10.81371],
							"rotation": [45, 0, 0],
							"uv": {
								"north": {"uv": [39.5, 24], "uv_size": [1, 1]},
								"east": {"uv": [47.5, 13.5], "uv_size": [6.5, 1]},
								"south": {"uv": [46, 21], "uv_size": [1, 1]},
								"west": {"uv": [47.5, 14.5], "uv_size": [6.5, 1]},
								"up": {"uv": [22, 8], "uv_size": [1, 6.5]},
								"down": {"uv": [23.5, 54], "uv_size": [1, -6.5]}
							}
						},
						{
							"origin": [-10.5, 25.12132, -5.18629],
							"size": [2, 2, 13],
							"pivot": [11.5, 14.12132, 10.81371],
							"rotation": [45, 0, 0],
							"uv": {
								"north": {"uv": [2, 49], "uv_size": [1, 1]},
								"east": {"uv": [47.5, 15.5], "uv_size": [6.5, 1]},
								"south": {"uv": [22.5, 53], "uv_size": [1, 1]},
								"west": {"uv": [47.5, 16.5], "uv_size": [6.5, 1]},
								"up": {"uv": [24.5, 47.5], "uv_size": [1, 6.5]},
								"down": {"uv": [25.5, 54], "uv_size": [1, -6.5]}
							}
						},
						{
							"origin": [-10.5, 19.19239, -0.5],
							"size": [21, 2, 16],
							"uv": {
								"north": {"uv": [47, 25], "uv_size": [10.5, 1]},
								"east": {"uv": [47, 40.5], "uv_size": [8, 1]},
								"south": {"uv": [47, 26], "uv_size": [10.5, 1]},
								"west": {"uv": [47, 41.5], "uv_size": [8, 1]},
								"up": {"uv": [19, 0], "uv_size": [10.5, 8]},
								"down": {"uv": [23, 16], "uv_size": [10.5, -8]}
							}
						},
						{
							"origin": [-10.5, 12.69239, 4.5],
							"size": [1, 6.5, 2],
							"uv": {
								"north": {"uv": [4, 42.5], "uv_size": [0.5, 3.5]},
								"east": {"uv": [32.5, 4.5], "uv_size": [1, 3.5]},
								"south": {"uv": [4.5, 42.5], "uv_size": [0.5, 3.5]},
								"west": {"uv": [23.5, 38.5], "uv_size": [1, 3.5]},
								"up": {"uv": [52, 55.5], "uv_size": [0.5, 1]},
								"down": {"uv": [52.5, 56.5], "uv_size": [0.5, -1]}
							}
						},
						{
							"origin": [9.5, 12.69239, 4.5],
							"size": [1, 6.5, 2],
							"uv": {
								"north": {"uv": [5, 42.5], "uv_size": [0.5, 3.5]},
								"east": {"uv": [24.5, 38.5], "uv_size": [1, 3.5]},
								"south": {"uv": [35, 54], "uv_size": [0.5, 3.5]},
								"west": {"uv": [3, 42.5], "uv_size": [1, 3.5]},
								"up": {"uv": [53, 55.5], "uv_size": [0.5, 1]},
								"down": {"uv": [53.5, 56.5], "uv_size": [0.5, -1]}
							}
						},
						{
							"origin": [-10.5, 10.19239, 14.5],
							"size": [1, 10, 7],
							"inflate": -0.01,
							"uv": {
								"north": {"uv": [0, 49], "uv_size": [0.5, 5]},
								"east": {"uv": [23.5, 42.5], "uv_size": [3.5, 5]},
								"south": {"uv": [0.5, 49], "uv_size": [0.5, 5]},
								"west": {"uv": [27, 42.5], "uv_size": [3.5, 5]},
								"up": {"uv": [35.5, 54], "uv_size": [0.5, 3.5]},
								"down": {"uv": [36, 57.5], "uv_size": [0.5, -3.5]}
							}
						},
						{
							"origin": [9.5, 10.19239, 14.5],
							"size": [1, 10, 7],
							"inflate": -0.01,
							"uv": {
								"north": {"uv": [1, 49], "uv_size": [0.5, 5]},
								"east": {"uv": [30.5, 42.5], "uv_size": [3.5, 5]},
								"south": {"uv": [1.5, 49], "uv_size": [0.5, 5]},
								"west": {"uv": [17, 43.5], "uv_size": [3.5, 5]},
								"up": {"uv": [36.5, 54], "uv_size": [0.5, 3.5]},
								"down": {"uv": [37, 57.5], "uv_size": [0.5, -3.5]}
							}
						},
						{
							"origin": [-10.5, 16.20711, 9.70711],
							"size": [2, 2, 13],
							"pivot": [-3, 12.70711, 16.20711],
							"rotation": [-45, 0, 0],
							"uv": {
								"north": {"uv": [11, 54.5], "uv_size": [1, 1]},
								"east": {"uv": [26.5, 47.5], "uv_size": [6.5, 1]},
								"south": {"uv": [12, 54.5], "uv_size": [1, 1]},
								"west": {"uv": [11, 48.5], "uv_size": [6.5, 1]},
								"up": {"uv": [33, 47.5], "uv_size": [1, 6.5]},
								"down": {"uv": [17.5, 55], "uv_size": [1, -6.5]}
							}
						},
						{
							"origin": [8.5, 16.20711, 9.70711],
							"size": [2, 2, 13],
							"pivot": [-2, 12.70711, 16.20711],
							"rotation": [-45, 0, 0],
							"uv": {
								"north": {"uv": [13, 54.5], "uv_size": [1, 1]},
								"east": {"uv": [26.5, 48.5], "uv_size": [6.5, 1]},
								"south": {"uv": [14, 54.5], "uv_size": [1, 1]},
								"west": {"uv": [48.5, 42.5], "uv_size": [6.5, 1]},
								"up": {"uv": [18.5, 48.5], "uv_size": [1, 6.5]},
								"down": {"uv": [19.5, 55], "uv_size": [1, -6.5]}
							}
						}
					]
				},
				{
					"name": "wheelmain",
					"parent": "root",
					"pivot": [2.5, 15.70711, 7.20711]
				},
				{
					"name": "wheel3",
					"parent": "wheelmain",
					"pivot": [-10.7813, 5.54902, 19.86179],
					"cubes": [
						{
							"origin": [-12.49021, 9.02556, 18.79268],
							"size": [3.888, 2.016, 2.187],
							"uv": {
								"north": {"uv": [17, 49.5], "uv_size": [-2, 1]},
								"east": {"uv": [17, 54.5], "uv_size": [-1, 1]},
								"south": {"uv": [28.5, 49.5], "uv_size": [-2, 1]},
								"west": {"uv": [16, 54.5], "uv_size": [-1, 1]},
								"up": {"uv": [30.5, 49.5], "uv_size": [-2, 1]},
								"down": {"uv": [32.5, 50.5], "uv_size": [-2, -1]}
							}
						},
						{
							"origin": [-12.49021, 9.02556, 18.79268],
							"size": [3.888, 2.016, 2.187],
							"pivot": [-10.66771, 5.54417, 19.88618],
							"rotation": [-22.5, 0, 0],
							"uv": {
								"north": {"uv": [51.5, 46], "uv_size": [-2, 1]},
								"east": {"uv": [28.5, 54.5], "uv_size": [-1, 1]},
								"south": {"uv": [51.5, 47], "uv_size": [-2, 1]},
								"west": {"uv": [27.5, 54.5], "uv_size": [-1, 1]},
								"up": {"uv": [51.5, 48], "uv_size": [-2, 1]},
								"down": {"uv": [51.5, 50], "uv_size": [-2, -1]}
							}
						},
						{
							"origin": [-12.49021, 9.02556, 18.79268],
							"size": [3.888, 2.016, 2.187],
							"pivot": [-10.66771, 5.54417, 19.88618],
							"rotation": [-45, 0, 0],
							"uv": {
								"north": {"uv": [4, 50], "uv_size": [-2, 1]},
								"east": {"uv": [30.5, 54.5], "uv_size": [-1, 1]},
								"south": {"uv": [6, 50], "uv_size": [-2, 1]},
								"west": {"uv": [29.5, 54.5], "uv_size": [-1, 1]},
								"up": {"uv": [8, 50], "uv_size": [-2, 1]},
								"down": {"uv": [10, 51], "uv_size": [-2, -1]}
							}
						},
						{
							"origin": [-12.49021, 4.45066, 23.36757],
							"size": [3.888, 2.187, 2.016],
							"pivot": [-10.66771, 5.54417, 19.88618],
							"rotation": [22.5, 0, 0],
							"uv": {
								"north": {"uv": [51.5, 50], "uv_size": [-2, 1]},
								"east": {"uv": [31.5, 54.5], "uv_size": [-1, 1]},
								"south": {"uv": [12, 50.5], "uv_size": [-2, 1]},
								"west": {"uv": [55.5, 29.5], "uv_size": [-1, 1]},
								"up": {"uv": [14, 50.5], "uv_size": [-2, 1]},
								"down": {"uv": [16, 51.5], "uv_size": [-2, -1]}
							}
						},
						{
							"origin": [-12.49021, 0.04677, 18.79267],
							"size": [3.888, 2.016, 2.187],
							"pivot": [-10.66771, 5.54417, 19.88618],
							"rotation": [22.5, 0, 0],
							"uv": {
								"north": {"uv": [28.5, 50.5], "uv_size": [-2, 1]},
								"east": {"uv": [32.5, 54.5], "uv_size": [-1, 1]},
								"south": {"uv": [30.5, 50.5], "uv_size": [-2, 1]},
								"west": {"uv": [55.5, 30.5], "uv_size": [-1, 1]},
								"up": {"uv": [52.5, 29.5], "uv_size": [-2, 1]},
								"down": {"uv": [32.5, 51.5], "uv_size": [-2, -1]}
							}
						},
						{
							"origin": [-12.49021, 4.45067, 23.36757],
							"size": [3.888, 2.187, 2.016],
							"pivot": [-10.66771, 5.54417, 19.88618],
							"rotation": [-45, 0, 0],
							"uv": {
								"north": {"uv": [52.5, 30.5], "uv_size": [-2, 1]},
								"east": {"uv": [55.5, 32.5], "uv_size": [-1, 1]},
								"south": {"uv": [52.5, 31.5], "uv_size": [-2, 1]},
								"west": {"uv": [55.5, 31.5], "uv_size": [-1, 1]},
								"up": {"uv": [52.5, 32.5], "uv_size": [-2, 1]},
								"down": {"uv": [52.5, 34.5], "uv_size": [-2, -1]}
							}
						},
						{
							"origin": [-12.49021, 4.45067, 23.36757],
							"size": [3.888, 2.187, 2.016],
							"pivot": [-10.66771, 5.54417, 19.88618],
							"rotation": [-22.5, 0, 0],
							"uv": {
								"north": {"uv": [52.5, 34.5], "uv_size": [-2, 1]},
								"east": {"uv": [55.5, 34.5], "uv_size": [-1, 1]},
								"south": {"uv": [52.5, 35.5], "uv_size": [-2, 1]},
								"west": {"uv": [55.5, 33.5], "uv_size": [-1, 1]},
								"up": {"uv": [52.5, 36.5], "uv_size": [-2, 1]},
								"down": {"uv": [53, 1], "uv_size": [-2, -1]}
							}
						},
						{
							"origin": [-12.49021, 4.45067, 23.36757],
							"size": [3.888, 2.187, 2.016],
							"uv": {
								"north": {"uv": [53, 1], "uv_size": [-2, 1]},
								"east": {"uv": [55.5, 36.5], "uv_size": [-1, 1]},
								"south": {"uv": [4, 51], "uv_size": [-2, 1]},
								"west": {"uv": [55.5, 35.5], "uv_size": [-1, 1]},
								"up": {"uv": [53, 2], "uv_size": [-2, 1]},
								"down": {"uv": [6, 52], "uv_size": [-2, -1]}
							}
						},
						{
							"origin": [-12.49021, 4.45067, 14.38879],
							"size": [3.888, 2.187, 2.016],
							"pivot": [-10.66771, 5.54417, 19.88618],
							"rotation": [-45, 0, 0],
							"uv": {
								"north": {"uv": [8, 51], "uv_size": [-2, 1]},
								"east": {"uv": [49, 54.5], "uv_size": [-1, 1]},
								"south": {"uv": [10, 51], "uv_size": [-2, 1]},
								"west": {"uv": [48, 54.5], "uv_size": [-1, 1]},
								"up": {"uv": [36, 51], "uv_size": [-2, 1]},
								"down": {"uv": [38, 52], "uv_size": [-2, -1]}
							}
						},
						{
							"origin": [-12.49021, 9.02556, 18.79267],
							"size": [3.888, 2.016, 2.187],
							"pivot": [-10.66771, 5.54417, 19.88618],
							"rotation": [22.5, 0, 0],
							"uv": {
								"north": {"uv": [40, 51], "uv_size": [-2, 1]},
								"east": {"uv": [51, 54.5], "uv_size": [-1, 1]},
								"south": {"uv": [42, 51], "uv_size": [-2, 1]},
								"west": {"uv": [50, 54.5], "uv_size": [-1, 1]},
								"up": {"uv": [50.5, 51], "uv_size": [-2, 1]},
								"down": {"uv": [52.5, 52], "uv_size": [-2, -1]}
							}
						},
						{
							"origin": [-12.49021, 4.45066, 14.38878],
							"size": [3.888, 2.187, 2.016],
							"pivot": [-10.66771, 5.54417, 19.88618],
							"rotation": [-22.5, 0, 0],
							"uv": {
								"north": {"uv": [12, 51.5], "uv_size": [-2, 1]},
								"east": {"uv": [55.5, 51], "uv_size": [-1, 1]},
								"south": {"uv": [14, 51.5], "uv_size": [-2, 1]},
								"west": {"uv": [52, 54.5], "uv_size": [-1, 1]},
								"up": {"uv": [16, 51.5], "uv_size": [-2, 1]},
								"down": {"uv": [53.5, 22], "uv_size": [-2, -1]}
							}
						},
						{
							"origin": [-12.49021, 4.45066, 14.38878],
							"size": [3.888, 2.187, 2.016],
							"uv": {
								"north": {"uv": [53.5, 22], "uv_size": [-2, 1]},
								"east": {"uv": [54, 54.5], "uv_size": [-1, 1]},
								"south": {"uv": [53.5, 23], "uv_size": [-2, 1]},
								"west": {"uv": [53, 54.5], "uv_size": [-1, 1]},
								"up": {"uv": [28.5, 51.5], "uv_size": [-2, 1]},
								"down": {"uv": [30.5, 52.5], "uv_size": [-2, -1]}
							}
						},
						{
							"origin": [-12.49021, 4.45066, 14.38878],
							"size": [3.888, 2.187, 2.016],
							"pivot": [-10.66771, 5.54417, 19.88618],
							"rotation": [22.5, 0, 0],
							"uv": {
								"north": {"uv": [32.5, 51.5], "uv_size": [-2, 1]},
								"east": {"uv": [1, 55], "uv_size": [-1, 1]},
								"south": {"uv": [53.5, 46], "uv_size": [-2, 1]},
								"west": {"uv": [55.5, 54], "uv_size": [-1, 1]},
								"up": {"uv": [53.5, 47], "uv_size": [-2, 1]},
								"down": {"uv": [53.5, 49], "uv_size": [-2, -1]}
							}
						},
						{
							"origin": [-12.49021, 0.04677, 18.79267],
							"size": [3.888, 2.016, 2.187],
							"pivot": [-10.66771, 5.54417, 19.88618],
							"rotation": [-45, 0, 0],
							"uv": {
								"north": {"uv": [53.5, 49], "uv_size": [-2, 1]},
								"east": {"uv": [2, 55], "uv_size": [-1, 1]},
								"south": {"uv": [53.5, 50], "uv_size": [-2, 1]},
								"west": {"uv": [56, 0], "uv_size": [-1, 1]},
								"up": {"uv": [4, 52], "uv_size": [-2, 1]},
								"down": {"uv": [6, 53], "uv_size": [-2, -1]}
							}
						},
						{
							"origin": [-12.49021, 0.04677, 18.79268],
							"size": [3.888, 2.016, 2.187],
							"pivot": [-10.66771, 5.54417, 19.88618],
							"rotation": [-22.5, 0, 0],
							"uv": {
								"north": {"uv": [8, 52], "uv_size": [-2, 1]},
								"east": {"uv": [3, 55], "uv_size": [-1, 1]},
								"south": {"uv": [10, 52], "uv_size": [-2, 1]},
								"west": {"uv": [56, 1], "uv_size": [-1, 1]},
								"up": {"uv": [54, 27.5], "uv_size": [-2, 1]},
								"down": {"uv": [54, 29.5], "uv_size": [-2, -1]}
							}
						},
						{
							"origin": [-12.49021, 0.04677, 18.79268],
							"size": [3.888, 2.016, 2.187],
							"uv": {
								"north": {"uv": [36, 52], "uv_size": [-2, 1]},
								"east": {"uv": [4, 55], "uv_size": [-1, 1]},
								"south": {"uv": [38, 52], "uv_size": [-2, 1]},
								"west": {"uv": [56, 2], "uv_size": [-1, 1]},
								"up": {"uv": [40, 52], "uv_size": [-2, 1]},
								"down": {"uv": [42, 53], "uv_size": [-2, -1]}
							}
						},
						{
							"origin": [-11.27521, 1.72816, 16.07018],
							"size": [0.972, 7.632, 7.632],
							"uv": {
								"north": {"uv": [17.5, 49.5], "uv_size": [-0.5, 4]},
								"east": {"uv": [33.5, 34], "uv_size": [-4, 4]},
								"south": {"uv": [33, 49.5], "uv_size": [-0.5, 4]},
								"west": {"uv": [29.5, 34], "uv_size": [-4, 4]},
								"up": {"uv": [16.5, 50.5], "uv_size": [-0.5, 4]},
								"down": {"uv": [17, 54.5], "uv_size": [-0.5, -4]}
							}
						},
						{
							"origin": [-11.74021, 2.06277, 19.29268],
							"size": [1, 7, 1],
							"uv": {
								"north": {"uv": [38, 54], "uv_size": [-0.5, 3.5]},
								"east": {"uv": [39.5, 54], "uv_size": [-0.5, 3.5]},
								"south": {"uv": [39, 54], "uv_size": [-0.5, 3.5]},
								"west": {"uv": [38.5, 54], "uv_size": [-0.5, 3.5]},
								"up": {"uv": [1, 56], "uv_size": [-0.5, 0.5]},
								"down": {"uv": [56.5, 1], "uv_size": [-0.5, -0.5]}
							}
						},
						{
							"origin": [-11.74021, 5.06277, 16.29268],
							"size": [1, 1, 7],
							"uv": {
								"north": {"uv": [1.5, 56], "uv_size": [-0.5, 0.5]},
								"east": {"uv": [37, 15.5], "uv_size": [-3.5, 0.5]},
								"south": {"uv": [56.5, 1], "uv_size": [-0.5, 0.5]},
								"west": {"uv": [22.5, 14.5], "uv_size": [-3.5, 0.5]},
								"up": {"uv": [40, 54], "uv_size": [-0.5, 3.5]},
								"down": {"uv": [40.5, 57.5], "uv_size": [-0.5, -3.5]}
							}
						},
						{
							"origin": [-11.74021, 5.06277, 16.29268],
							"size": [1, 1, 7],
							"pivot": [-11.24021, 5.56277, 19.79268],
							"rotation": [-45, 0, 0],
							"uv": {
								"north": {"uv": [2, 56], "uv_size": [-0.5, 0.5]},
								"east": {"uv": [54, 54], "uv_size": [-3.5, 0.5]},
								"south": {"uv": [56.5, 1.5], "uv_size": [-0.5, 0.5]},
								"west": {"uv": [50.5, 54], "uv_size": [-3.5, 0.5]},
								"up": {"uv": [41, 54], "uv_size": [-0.5, 3.5]},
								"down": {"uv": [41.5, 57.5], "uv_size": [-0.5, -3.5]}
							}
						},
						{
							"origin": [-11.74021, 2.06277, 19.29268],
							"size": [1, 7, 1],
							"pivot": [-11.24021, 5.56277, 19.79268],
							"rotation": [-45, 0, 0],
							"uv": {
								"north": {"uv": [42, 54], "uv_size": [-0.5, 3.5]},
								"east": {"uv": [11, 54.5], "uv_size": [-0.5, 3.5]},
								"south": {"uv": [10.5, 54.5], "uv_size": [-0.5, 3.5]},
								"west": {"uv": [54.5, 54], "uv_size": [-0.5, 3.5]},
								"up": {"uv": [2.5, 56], "uv_size": [-0.5, 0.5]},
								"down": {"uv": [56.5, 2.5], "uv_size": [-0.5, -0.5]}
							}
						},
						{
							"origin": [-12.24021, 5.06277, 18.29268],
							"size": [1, 1, 3],
							"pivot": [-11.74021, 5.56277, 19.79268],
							"rotation": [22.5, 0, 0],
							"uv": {
								"north": {"uv": [3, 56], "uv_size": [-0.5, 0.5]},
								"east": {"uv": [49, 55.5], "uv_size": [-1.5, 0.5]},
								"south": {"uv": [56.5, 2.5], "uv_size": [-0.5, 0.5]},
								"west": {"uv": [57, 37], "uv_size": [-1.5, 0.5]},
								"up": {"uv": [56, 47.5], "uv_size": [-0.5, 1.5]},
								"down": {"uv": [49.5, 57], "uv_size": [-0.5, -1.5]}
							}
						},
						{
							"origin": [-12.24021, 4.06277, 19.29268],
							"size": [1, 3, 1],
							"pivot": [-11.74021, 5.56277, 19.79268],
							"rotation": [22.5, 0, 0],
							"uv": {
								"north": {"uv": [56, 49], "uv_size": [-0.5, 1.5]},
								"east": {"uv": [51, 55.5], "uv_size": [-0.5, 1.5]},
								"south": {"uv": [50.5, 55.5], "uv_size": [-0.5, 1.5]},
								"west": {"uv": [50, 55.5], "uv_size": [-0.5, 1.5]},
								"up": {"uv": [3.5, 56], "uv_size": [-0.5, 0.5]},
								"down": {"uv": [4, 56.5], "uv_size": [-0.5, -0.5]}
							}
						}
					]
				},
				{
					"name": "wheel4",
					"parent": "wheelmain",
					"pivot": [10.7813, 5.54902, 19.86179],
					"cubes": [
						{
							"origin": [8.60221, 9.02556, 18.79268],
							"size": [3.888, 2.016, 2.187],
							"uv": {
								"north": {"uv": [15, 49.5], "uv_size": [2, 1]},
								"east": {"uv": [15, 54.5], "uv_size": [1, 1]},
								"south": {"uv": [26.5, 49.5], "uv_size": [2, 1]},
								"west": {"uv": [16, 54.5], "uv_size": [1, 1]},
								"up": {"uv": [28.5, 49.5], "uv_size": [2, 1]},
								"down": {"uv": [30.5, 50.5], "uv_size": [2, -1]}
							}
						},
						{
							"origin": [8.60221, 9.02556, 18.79268],
							"size": [3.888, 2.016, 2.187],
							"pivot": [10.66771, 5.54417, 19.88618],
							"rotation": [-22.5, 0, 0],
							"uv": {
								"north": {"uv": [49.5, 46], "uv_size": [2, 1]},
								"east": {"uv": [26.5, 54.5], "uv_size": [1, 1]},
								"south": {"uv": [49.5, 47], "uv_size": [2, 1]},
								"west": {"uv": [27.5, 54.5], "uv_size": [1, 1]},
								"up": {"uv": [49.5, 48], "uv_size": [2, 1]},
								"down": {"uv": [49.5, 50], "uv_size": [2, -1]}
							}
						},
						{
							"origin": [8.60221, 9.02556, 18.79268],
							"size": [3.888, 2.016, 2.187],
							"pivot": [10.66771, 5.54417, 19.88618],
							"rotation": [-45, 0, 0],
							"uv": {
								"north": {"uv": [2, 50], "uv_size": [2, 1]},
								"east": {"uv": [28.5, 54.5], "uv_size": [1, 1]},
								"south": {"uv": [4, 50], "uv_size": [2, 1]},
								"west": {"uv": [29.5, 54.5], "uv_size": [1, 1]},
								"up": {"uv": [6, 50], "uv_size": [2, 1]},
								"down": {"uv": [8, 51], "uv_size": [2, -1]}
							}
						},
						{
							"origin": [8.60221, 4.45066, 23.36757],
							"size": [3.888, 2.187, 2.016],
							"pivot": [10.66771, 5.54417, 19.88618],
							"rotation": [22.5, 0, 0],
							"uv": {
								"north": {"uv": [49.5, 50], "uv_size": [2, 1]},
								"east": {"uv": [54.5, 29.5], "uv_size": [1, 1]},
								"south": {"uv": [10, 50.5], "uv_size": [2, 1]},
								"west": {"uv": [30.5, 54.5], "uv_size": [1, 1]},
								"up": {"uv": [12, 50.5], "uv_size": [2, 1]},
								"down": {"uv": [14, 51.5], "uv_size": [2, -1]}
							}
						},
						{
							"origin": [8.60221, 0.04677, 18.79267],
							"size": [3.888, 2.016, 2.187],
							"pivot": [10.66771, 5.54417, 19.88618],
							"rotation": [22.5, 0, 0],
							"uv": {
								"north": {"uv": [26.5, 50.5], "uv_size": [2, 1]},
								"east": {"uv": [54.5, 30.5], "uv_size": [1, 1]},
								"south": {"uv": [28.5, 50.5], "uv_size": [2, 1]},
								"west": {"uv": [31.5, 54.5], "uv_size": [1, 1]},
								"up": {"uv": [50.5, 29.5], "uv_size": [2, 1]},
								"down": {"uv": [30.5, 51.5], "uv_size": [2, -1]}
							}
						},
						{
							"origin": [8.60221, 4.45067, 23.36757],
							"size": [3.888, 2.187, 2.016],
							"pivot": [10.66771, 5.54417, 19.88618],
							"rotation": [-45, 0, 0],
							"uv": {
								"north": {"uv": [50.5, 30.5], "uv_size": [2, 1]},
								"east": {"uv": [54.5, 31.5], "uv_size": [1, 1]},
								"south": {"uv": [50.5, 31.5], "uv_size": [2, 1]},
								"west": {"uv": [54.5, 32.5], "uv_size": [1, 1]},
								"up": {"uv": [50.5, 32.5], "uv_size": [2, 1]},
								"down": {"uv": [50.5, 34.5], "uv_size": [2, -1]}
							}
						},
						{
							"origin": [8.60221, 4.45067, 23.36757],
							"size": [3.888, 2.187, 2.016],
							"pivot": [10.66771, 5.54417, 19.88618],
							"rotation": [-22.5, 0, 0],
							"uv": {
								"north": {"uv": [50.5, 34.5], "uv_size": [2, 1]},
								"east": {"uv": [54.5, 33.5], "uv_size": [1, 1]},
								"south": {"uv": [50.5, 35.5], "uv_size": [2, 1]},
								"west": {"uv": [54.5, 34.5], "uv_size": [1, 1]},
								"up": {"uv": [50.5, 36.5], "uv_size": [2, 1]},
								"down": {"uv": [51, 1], "uv_size": [2, -1]}
							}
						},
						{
							"origin": [8.60221, 4.45067, 23.36757],
							"size": [3.888, 2.187, 2.016],
							"uv": {
								"north": {"uv": [51, 1], "uv_size": [2, 1]},
								"east": {"uv": [54.5, 35.5], "uv_size": [1, 1]},
								"south": {"uv": [2, 51], "uv_size": [2, 1]},
								"west": {"uv": [54.5, 36.5], "uv_size": [1, 1]},
								"up": {"uv": [51, 2], "uv_size": [2, 1]},
								"down": {"uv": [4, 52], "uv_size": [2, -1]}
							}
						},
						{
							"origin": [8.60221, 4.45067, 14.38879],
							"size": [3.888, 2.187, 2.016],
							"pivot": [10.66771, 5.54417, 19.88618],
							"rotation": [-45, 0, 0],
							"uv": {
								"north": {"uv": [6, 51], "uv_size": [2, 1]},
								"east": {"uv": [47, 54.5], "uv_size": [1, 1]},
								"south": {"uv": [8, 51], "uv_size": [2, 1]},
								"west": {"uv": [48, 54.5], "uv_size": [1, 1]},
								"up": {"uv": [34, 51], "uv_size": [2, 1]},
								"down": {"uv": [36, 52], "uv_size": [2, -1]}
							}
						},
						{
							"origin": [8.60221, 9.02556, 18.79267],
							"size": [3.888, 2.016, 2.187],
							"pivot": [10.66771, 5.54417, 19.88618],
							"rotation": [22.5, 0, 0],
							"uv": {
								"north": {"uv": [38, 51], "uv_size": [2, 1]},
								"east": {"uv": [49, 54.5], "uv_size": [1, 1]},
								"south": {"uv": [40, 51], "uv_size": [2, 1]},
								"west": {"uv": [50, 54.5], "uv_size": [1, 1]},
								"up": {"uv": [48.5, 51], "uv_size": [2, 1]},
								"down": {"uv": [50.5, 52], "uv_size": [2, -1]}
							}
						},
						{
							"origin": [8.60221, 4.45066, 14.38878],
							"size": [3.888, 2.187, 2.016],
							"pivot": [10.66771, 5.54417, 19.88618],
							"rotation": [-22.5, 0, 0],
							"uv": {
								"north": {"uv": [10, 51.5], "uv_size": [2, 1]},
								"east": {"uv": [51, 54.5], "uv_size": [1, 1]},
								"south": {"uv": [12, 51.5], "uv_size": [2, 1]},
								"west": {"uv": [54.5, 51], "uv_size": [1, 1]},
								"up": {"uv": [14, 51.5], "uv_size": [2, 1]},
								"down": {"uv": [51.5, 22], "uv_size": [2, -1]}
							}
						},
						{
							"origin": [8.60221, 4.45066, 14.38878],
							"size": [3.888, 2.187, 2.016],
							"uv": {
								"north": {"uv": [51.5, 22], "uv_size": [2, 1]},
								"east": {"uv": [52, 54.5], "uv_size": [1, 1]},
								"south": {"uv": [51.5, 23], "uv_size": [2, 1]},
								"west": {"uv": [53, 54.5], "uv_size": [1, 1]},
								"up": {"uv": [26.5, 51.5], "uv_size": [2, 1]},
								"down": {"uv": [28.5, 52.5], "uv_size": [2, -1]}
							}
						},
						{
							"origin": [8.60221, 4.45066, 14.38878],
							"size": [3.888, 2.187, 2.016],
							"pivot": [10.66771, 5.54417, 19.88618],
							"rotation": [22.5, 0, 0],
							"uv": {
								"north": {"uv": [30.5, 51.5], "uv_size": [2, 1]},
								"east": {"uv": [54.5, 54], "uv_size": [1, 1]},
								"south": {"uv": [51.5, 46], "uv_size": [2, 1]},
								"west": {"uv": [0, 55], "uv_size": [1, 1]},
								"up": {"uv": [51.5, 47], "uv_size": [2, 1]},
								"down": {"uv": [51.5, 49], "uv_size": [2, -1]}
							}
						},
						{
							"origin": [8.60221, 0.04677, 18.79267],
							"size": [3.888, 2.016, 2.187],
							"pivot": [10.66771, 5.54417, 19.88618],
							"rotation": [-45, 0, 0],
							"uv": {
								"north": {"uv": [51.5, 49], "uv_size": [2, 1]},
								"east": {"uv": [55, 0], "uv_size": [1, 1]},
								"south": {"uv": [51.5, 50], "uv_size": [2, 1]},
								"west": {"uv": [1, 55], "uv_size": [1, 1]},
								"up": {"uv": [2, 52], "uv_size": [2, 1]},
								"down": {"uv": [4, 53], "uv_size": [2, -1]}
							}
						},
						{
							"origin": [8.60221, 0.04677, 18.79268],
							"size": [3.888, 2.016, 2.187],
							"pivot": [10.66771, 5.54417, 19.88618],
							"rotation": [-22.5, 0, 0],
							"uv": {
								"north": {"uv": [6, 52], "uv_size": [2, 1]},
								"east": {"uv": [55, 1], "uv_size": [1, 1]},
								"south": {"uv": [8, 52], "uv_size": [2, 1]},
								"west": {"uv": [2, 55], "uv_size": [1, 1]},
								"up": {"uv": [52, 27.5], "uv_size": [2, 1]},
								"down": {"uv": [52, 29.5], "uv_size": [2, -1]}
							}
						},
						{
							"origin": [8.60221, 0.04677, 18.79268],
							"size": [3.888, 2.016, 2.187],
							"uv": {
								"north": {"uv": [34, 52], "uv_size": [2, 1]},
								"east": {"uv": [55, 2], "uv_size": [1, 1]},
								"south": {"uv": [36, 52], "uv_size": [2, 1]},
								"west": {"uv": [3, 55], "uv_size": [1, 1]},
								"up": {"uv": [38, 52], "uv_size": [2, 1]},
								"down": {"uv": [40, 53], "uv_size": [2, -1]}
							}
						},
						{
							"origin": [10.30321, 1.72816, 16.07018],
							"size": [0.972, 7.632, 7.632],
							"uv": {
								"north": {"uv": [17, 49.5], "uv_size": [0.5, 4]},
								"east": {"uv": [25.5, 34], "uv_size": [4, 4]},
								"south": {"uv": [32.5, 49.5], "uv_size": [0.5, 4]},
								"west": {"uv": [29.5, 34], "uv_size": [4, 4]},
								"up": {"uv": [16, 50.5], "uv_size": [0.5, 4]},
								"down": {"uv": [16.5, 54.5], "uv_size": [0.5, -4]}
							}
						},
						{
							"origin": [10.74021, 2.06277, 19.29268],
							"size": [1, 7, 1],
							"uv": {
								"north": {"uv": [37.5, 54], "uv_size": [0.5, 3.5]},
								"east": {"uv": [38, 54], "uv_size": [0.5, 3.5]},
								"south": {"uv": [38.5, 54], "uv_size": [0.5, 3.5]},
								"west": {"uv": [39, 54], "uv_size": [0.5, 3.5]},
								"up": {"uv": [0.5, 56], "uv_size": [0.5, 0.5]},
								"down": {"uv": [56, 1], "uv_size": [0.5, -0.5]}
							}
						},
						{
							"origin": [10.74021, 5.06277, 16.29268],
							"size": [1, 1, 7],
							"uv": {
								"north": {"uv": [1, 56], "uv_size": [0.5, 0.5]},
								"east": {"uv": [19, 14.5], "uv_size": [3.5, 0.5]},
								"south": {"uv": [56, 1], "uv_size": [0.5, 0.5]},
								"west": {"uv": [33.5, 15.5], "uv_size": [3.5, 0.5]},
								"up": {"uv": [39.5, 54], "uv_size": [0.5, 3.5]},
								"down": {"uv": [40, 57.5], "uv_size": [0.5, -3.5]}
							}
						},
						{
							"origin": [10.74021, 5.06277, 16.29268],
							"size": [1, 1, 7],
							"pivot": [11.24021, 5.56277, 19.79268],
							"rotation": [-45, 0, 0],
							"uv": {
								"north": {"uv": [1.5, 56], "uv_size": [0.5, 0.5]},
								"east": {"uv": [47, 54], "uv_size": [3.5, 0.5]},
								"south": {"uv": [56, 1.5], "uv_size": [0.5, 0.5]},
								"west": {"uv": [50.5, 54], "uv_size": [3.5, 0.5]},
								"up": {"uv": [40.5, 54], "uv_size": [0.5, 3.5]},
								"down": {"uv": [41, 57.5], "uv_size": [0.5, -3.5]}
							}
						},
						{
							"origin": [10.74021, 2.06277, 19.29268],
							"size": [1, 7, 1],
							"pivot": [11.24021, 5.56277, 19.79268],
							"rotation": [-45, 0, 0],
							"uv": {
								"north": {"uv": [41.5, 54], "uv_size": [0.5, 3.5]},
								"east": {"uv": [54, 54], "uv_size": [0.5, 3.5]},
								"south": {"uv": [10, 54.5], "uv_size": [0.5, 3.5]},
								"west": {"uv": [10.5, 54.5], "uv_size": [0.5, 3.5]},
								"up": {"uv": [2, 56], "uv_size": [0.5, 0.5]},
								"down": {"uv": [56, 2.5], "uv_size": [0.5, -0.5]}
							}
						},
						{
							"origin": [11.24021, 5.06277, 18.29268],
							"size": [1, 1, 3],
							"pivot": [11.74021, 5.56277, 19.79268],
							"rotation": [22.5, 0, 0],
							"uv": {
								"north": {"uv": [2.5, 56], "uv_size": [0.5, 0.5]},
								"east": {"uv": [55.5, 37], "uv_size": [1.5, 0.5]},
								"south": {"uv": [56, 2.5], "uv_size": [0.5, 0.5]},
								"west": {"uv": [47.5, 55.5], "uv_size": [1.5, 0.5]},
								"up": {"uv": [55.5, 47.5], "uv_size": [0.5, 1.5]},
								"down": {"uv": [49, 57], "uv_size": [0.5, -1.5]}
							}
						},
						{
							"origin": [11.24021, 4.06277, 19.29268],
							"size": [1, 3, 1],
							"pivot": [11.74021, 5.56277, 19.79268],
							"rotation": [22.5, 0, 0],
							"uv": {
								"north": {"uv": [55.5, 49], "uv_size": [0.5, 1.5]},
								"east": {"uv": [49.5, 55.5], "uv_size": [0.5, 1.5]},
								"south": {"uv": [50, 55.5], "uv_size": [0.5, 1.5]},
								"west": {"uv": [50.5, 55.5], "uv_size": [0.5, 1.5]},
								"up": {"uv": [3, 56], "uv_size": [0.5, 0.5]},
								"down": {"uv": [3.5, 56.5], "uv_size": [0.5, -0.5]}
							}
						}
					]
				},
				{
					"name": "wheel",
					"parent": "wheelmain",
					"pivot": [-10.7813, 5.54902, -20.13821],
					"cubes": [
						{
							"origin": [-12.49021, 9.02556, -21.20732],
							"size": [3.888, 2.016, 2.187],
							"uv": {
								"north": {"uv": [17, 49.5], "uv_size": [-2, 1]},
								"east": {"uv": [17, 54.5], "uv_size": [-1, 1]},
								"south": {"uv": [28.5, 49.5], "uv_size": [-2, 1]},
								"west": {"uv": [16, 54.5], "uv_size": [-1, 1]},
								"up": {"uv": [30.5, 49.5], "uv_size": [-2, 1]},
								"down": {"uv": [32.5, 50.5], "uv_size": [-2, -1]}
							}
						},
						{
							"origin": [-12.49021, 9.02556, -21.20732],
							"size": [3.888, 2.016, 2.187],
							"pivot": [-10.66771, 5.54417, -20.11382],
							"rotation": [-22.5, 0, 0],
							"uv": {
								"north": {"uv": [51.5, 46], "uv_size": [-2, 1]},
								"east": {"uv": [28.5, 54.5], "uv_size": [-1, 1]},
								"south": {"uv": [51.5, 47], "uv_size": [-2, 1]},
								"west": {"uv": [27.5, 54.5], "uv_size": [-1, 1]},
								"up": {"uv": [51.5, 48], "uv_size": [-2, 1]},
								"down": {"uv": [51.5, 50], "uv_size": [-2, -1]}
							}
						},
						{
							"origin": [-12.49021, 9.02556, -21.20732],
							"size": [3.888, 2.016, 2.187],
							"pivot": [-10.66771, 5.54417, -20.11382],
							"rotation": [-45, 0, 0],
							"uv": {
								"north": {"uv": [4, 50], "uv_size": [-2, 1]},
								"east": {"uv": [30.5, 54.5], "uv_size": [-1, 1]},
								"south": {"uv": [6, 50], "uv_size": [-2, 1]},
								"west": {"uv": [29.5, 54.5], "uv_size": [-1, 1]},
								"up": {"uv": [8, 50], "uv_size": [-2, 1]},
								"down": {"uv": [10, 51], "uv_size": [-2, -1]}
							}
						},
						{
							"origin": [-12.49021, 4.45066, -16.63243],
							"size": [3.888, 2.187, 2.016],
							"pivot": [-10.66771, 5.54417, -20.11382],
							"rotation": [22.5, 0, 0],
							"uv": {
								"north": {"uv": [51.5, 50], "uv_size": [-2, 1]},
								"east": {"uv": [31.5, 54.5], "uv_size": [-1, 1]},
								"south": {"uv": [12, 50.5], "uv_size": [-2, 1]},
								"west": {"uv": [55.5, 29.5], "uv_size": [-1, 1]},
								"up": {"uv": [14, 50.5], "uv_size": [-2, 1]},
								"down": {"uv": [16, 51.5], "uv_size": [-2, -1]}
							}
						},
						{
							"origin": [-12.49021, 0.04677, -21.20733],
							"size": [3.888, 2.016, 2.187],
							"pivot": [-10.66771, 5.54417, -20.11382],
							"rotation": [22.5, 0, 0],
							"uv": {
								"north": {"uv": [28.5, 50.5], "uv_size": [-2, 1]},
								"east": {"uv": [32.5, 54.5], "uv_size": [-1, 1]},
								"south": {"uv": [30.5, 50.5], "uv_size": [-2, 1]},
								"west": {"uv": [55.5, 30.5], "uv_size": [-1, 1]},
								"up": {"uv": [52.5, 29.5], "uv_size": [-2, 1]},
								"down": {"uv": [32.5, 51.5], "uv_size": [-2, -1]}
							}
						},
						{
							"origin": [-12.49021, 4.45067, -16.63243],
							"size": [3.888, 2.187, 2.016],
							"pivot": [-10.66771, 5.54417, -20.11382],
							"rotation": [-45, 0, 0],
							"uv": {
								"north": {"uv": [52.5, 30.5], "uv_size": [-2, 1]},
								"east": {"uv": [55.5, 32.5], "uv_size": [-1, 1]},
								"south": {"uv": [52.5, 31.5], "uv_size": [-2, 1]},
								"west": {"uv": [55.5, 31.5], "uv_size": [-1, 1]},
								"up": {"uv": [52.5, 32.5], "uv_size": [-2, 1]},
								"down": {"uv": [52.5, 34.5], "uv_size": [-2, -1]}
							}
						},
						{
							"origin": [-12.49021, 4.45067, -16.63243],
							"size": [3.888, 2.187, 2.016],
							"pivot": [-10.66771, 5.54417, -20.11382],
							"rotation": [-22.5, 0, 0],
							"uv": {
								"north": {"uv": [52.5, 34.5], "uv_size": [-2, 1]},
								"east": {"uv": [55.5, 34.5], "uv_size": [-1, 1]},
								"south": {"uv": [52.5, 35.5], "uv_size": [-2, 1]},
								"west": {"uv": [55.5, 33.5], "uv_size": [-1, 1]},
								"up": {"uv": [52.5, 36.5], "uv_size": [-2, 1]},
								"down": {"uv": [53, 1], "uv_size": [-2, -1]}
							}
						},
						{
							"origin": [-12.49021, 4.45067, -16.63243],
							"size": [3.888, 2.187, 2.016],
							"uv": {
								"north": {"uv": [53, 1], "uv_size": [-2, 1]},
								"east": {"uv": [55.5, 36.5], "uv_size": [-1, 1]},
								"south": {"uv": [4, 51], "uv_size": [-2, 1]},
								"west": {"uv": [55.5, 35.5], "uv_size": [-1, 1]},
								"up": {"uv": [53, 2], "uv_size": [-2, 1]},
								"down": {"uv": [6, 52], "uv_size": [-2, -1]}
							}
						},
						{
							"origin": [-12.49021, 4.45067, -25.61121],
							"size": [3.888, 2.187, 2.016],
							"pivot": [-10.66771, 5.54417, -20.11382],
							"rotation": [-45, 0, 0],
							"uv": {
								"north": {"uv": [8, 51], "uv_size": [-2, 1]},
								"east": {"uv": [49, 54.5], "uv_size": [-1, 1]},
								"south": {"uv": [10, 51], "uv_size": [-2, 1]},
								"west": {"uv": [48, 54.5], "uv_size": [-1, 1]},
								"up": {"uv": [36, 51], "uv_size": [-2, 1]},
								"down": {"uv": [38, 52], "uv_size": [-2, -1]}
							}
						},
						{
							"origin": [-12.49021, 9.02556, -21.20733],
							"size": [3.888, 2.016, 2.187],
							"pivot": [-10.66771, 5.54417, -20.11382],
							"rotation": [22.5, 0, 0],
							"uv": {
								"north": {"uv": [40, 51], "uv_size": [-2, 1]},
								"east": {"uv": [51, 54.5], "uv_size": [-1, 1]},
								"south": {"uv": [42, 51], "uv_size": [-2, 1]},
								"west": {"uv": [50, 54.5], "uv_size": [-1, 1]},
								"up": {"uv": [50.5, 51], "uv_size": [-2, 1]},
								"down": {"uv": [52.5, 52], "uv_size": [-2, -1]}
							}
						},
						{
							"origin": [-12.49021, 4.45066, -25.61122],
							"size": [3.888, 2.187, 2.016],
							"pivot": [-10.66771, 5.54417, -20.11382],
							"rotation": [-22.5, 0, 0],
							"uv": {
								"north": {"uv": [12, 51.5], "uv_size": [-2, 1]},
								"east": {"uv": [55.5, 51], "uv_size": [-1, 1]},
								"south": {"uv": [14, 51.5], "uv_size": [-2, 1]},
								"west": {"uv": [52, 54.5], "uv_size": [-1, 1]},
								"up": {"uv": [16, 51.5], "uv_size": [-2, 1]},
								"down": {"uv": [53.5, 22], "uv_size": [-2, -1]}
							}
						},
						{
							"origin": [-12.49021, 4.45066, -25.61122],
							"size": [3.888, 2.187, 2.016],
							"uv": {
								"north": {"uv": [53.5, 22], "uv_size": [-2, 1]},
								"east": {"uv": [54, 54.5], "uv_size": [-1, 1]},
								"south": {"uv": [53.5, 23], "uv_size": [-2, 1]},
								"west": {"uv": [53, 54.5], "uv_size": [-1, 1]},
								"up": {"uv": [28.5, 51.5], "uv_size": [-2, 1]},
								"down": {"uv": [30.5, 52.5], "uv_size": [-2, -1]}
							}
						},
						{
							"origin": [-12.49021, 4.45066, -25.61122],
							"size": [3.888, 2.187, 2.016],
							"pivot": [-10.66771, 5.54417, -20.11382],
							"rotation": [22.5, 0, 0],
							"uv": {
								"north": {"uv": [32.5, 51.5], "uv_size": [-2, 1]},
								"east": {"uv": [1, 55], "uv_size": [-1, 1]},
								"south": {"uv": [53.5, 46], "uv_size": [-2, 1]},
								"west": {"uv": [55.5, 54], "uv_size": [-1, 1]},
								"up": {"uv": [53.5, 47], "uv_size": [-2, 1]},
								"down": {"uv": [53.5, 49], "uv_size": [-2, -1]}
							}
						},
						{
							"origin": [-12.49021, 0.04677, -21.20733],
							"size": [3.888, 2.016, 2.187],
							"pivot": [-10.66771, 5.54417, -20.11382],
							"rotation": [-45, 0, 0],
							"uv": {
								"north": {"uv": [53.5, 49], "uv_size": [-2, 1]},
								"east": {"uv": [2, 55], "uv_size": [-1, 1]},
								"south": {"uv": [53.5, 50], "uv_size": [-2, 1]},
								"west": {"uv": [56, 0], "uv_size": [-1, 1]},
								"up": {"uv": [4, 52], "uv_size": [-2, 1]},
								"down": {"uv": [6, 53], "uv_size": [-2, -1]}
							}
						},
						{
							"origin": [-12.49021, 0.04677, -21.20732],
							"size": [3.888, 2.016, 2.187],
							"pivot": [-10.66771, 5.54417, -20.11382],
							"rotation": [-22.5, 0, 0],
							"uv": {
								"north": {"uv": [8, 52], "uv_size": [-2, 1]},
								"east": {"uv": [3, 55], "uv_size": [-1, 1]},
								"south": {"uv": [10, 52], "uv_size": [-2, 1]},
								"west": {"uv": [56, 1], "uv_size": [-1, 1]},
								"up": {"uv": [54, 27.5], "uv_size": [-2, 1]},
								"down": {"uv": [54, 29.5], "uv_size": [-2, -1]}
							}
						},
						{
							"origin": [-12.49021, 0.04677, -21.20732],
							"size": [3.888, 2.016, 2.187],
							"uv": {
								"north": {"uv": [36, 52], "uv_size": [-2, 1]},
								"east": {"uv": [4, 55], "uv_size": [-1, 1]},
								"south": {"uv": [38, 52], "uv_size": [-2, 1]},
								"west": {"uv": [56, 2], "uv_size": [-1, 1]},
								"up": {"uv": [40, 52], "uv_size": [-2, 1]},
								"down": {"uv": [42, 53], "uv_size": [-2, -1]}
							}
						},
						{
							"origin": [-11.27521, 1.72816, -23.92982],
							"size": [0.972, 7.632, 7.632],
							"uv": {
								"north": {"uv": [17.5, 49.5], "uv_size": [-0.5, 4]},
								"east": {"uv": [33.5, 34], "uv_size": [-4, 4]},
								"south": {"uv": [33, 49.5], "uv_size": [-0.5, 4]},
								"west": {"uv": [29.5, 34], "uv_size": [-4, 4]},
								"up": {"uv": [16.5, 50.5], "uv_size": [-0.5, 4]},
								"down": {"uv": [17, 54.5], "uv_size": [-0.5, -4]}
							}
						},
						{
							"origin": [-11.74021, 2.06277, -20.70732],
							"size": [1, 7, 1],
							"uv": {
								"north": {"uv": [38, 54], "uv_size": [-0.5, 3.5]},
								"east": {"uv": [39.5, 54], "uv_size": [-0.5, 3.5]},
								"south": {"uv": [39, 54], "uv_size": [-0.5, 3.5]},
								"west": {"uv": [38.5, 54], "uv_size": [-0.5, 3.5]},
								"up": {"uv": [1, 56], "uv_size": [-0.5, 0.5]},
								"down": {"uv": [56.5, 1], "uv_size": [-0.5, -0.5]}
							}
						},
						{
							"origin": [-11.74021, 5.06277, -23.70732],
							"size": [1, 1, 7],
							"uv": {
								"north": {"uv": [1.5, 56], "uv_size": [-0.5, 0.5]},
								"east": {"uv": [37, 15.5], "uv_size": [-3.5, 0.5]},
								"south": {"uv": [56.5, 1], "uv_size": [-0.5, 0.5]},
								"west": {"uv": [22.5, 14.5], "uv_size": [-3.5, 0.5]},
								"up": {"uv": [40, 54], "uv_size": [-0.5, 3.5]},
								"down": {"uv": [40.5, 57.5], "uv_size": [-0.5, -3.5]}
							}
						},
						{
							"origin": [-11.74021, 5.06277, -23.70732],
							"size": [1, 1, 7],
							"pivot": [-11.24021, 5.56277, -20.20732],
							"rotation": [-45, 0, 0],
							"uv": {
								"north": {"uv": [2, 56], "uv_size": [-0.5, 0.5]},
								"east": {"uv": [54, 54], "uv_size": [-3.5, 0.5]},
								"south": {"uv": [56.5, 1.5], "uv_size": [-0.5, 0.5]},
								"west": {"uv": [50.5, 54], "uv_size": [-3.5, 0.5]},
								"up": {"uv": [41, 54], "uv_size": [-0.5, 3.5]},
								"down": {"uv": [41.5, 57.5], "uv_size": [-0.5, -3.5]}
							}
						},
						{
							"origin": [-11.74021, 2.06277, -20.70732],
							"size": [1, 7, 1],
							"pivot": [-11.24021, 5.56277, -20.20732],
							"rotation": [-45, 0, 0],
							"uv": {
								"north": {"uv": [42, 54], "uv_size": [-0.5, 3.5]},
								"east": {"uv": [11, 54.5], "uv_size": [-0.5, 3.5]},
								"south": {"uv": [10.5, 54.5], "uv_size": [-0.5, 3.5]},
								"west": {"uv": [54.5, 54], "uv_size": [-0.5, 3.5]},
								"up": {"uv": [2.5, 56], "uv_size": [-0.5, 0.5]},
								"down": {"uv": [56.5, 2.5], "uv_size": [-0.5, -0.5]}
							}
						},
						{
							"origin": [-12.24021, 5.06277, -21.70732],
							"size": [1, 1, 3],
							"pivot": [-11.74021, 5.56277, -20.20732],
							"rotation": [22.5, 0, 0],
							"uv": {
								"north": {"uv": [3, 56], "uv_size": [-0.5, 0.5]},
								"east": {"uv": [49, 55.5], "uv_size": [-1.5, 0.5]},
								"south": {"uv": [56.5, 2.5], "uv_size": [-0.5, 0.5]},
								"west": {"uv": [57, 37], "uv_size": [-1.5, 0.5]},
								"up": {"uv": [56, 47.5], "uv_size": [-0.5, 1.5]},
								"down": {"uv": [49.5, 57], "uv_size": [-0.5, -1.5]}
							}
						},
						{
							"origin": [-12.24021, 4.06277, -20.70732],
							"size": [1, 3, 1],
							"pivot": [-11.74021, 5.56277, -20.20732],
							"rotation": [22.5, 0, 0],
							"uv": {
								"north": {"uv": [56, 49], "uv_size": [-0.5, 1.5]},
								"east": {"uv": [51, 55.5], "uv_size": [-0.5, 1.5]},
								"south": {"uv": [50.5, 55.5], "uv_size": [-0.5, 1.5]},
								"west": {"uv": [50, 55.5], "uv_size": [-0.5, 1.5]},
								"up": {"uv": [3.5, 56], "uv_size": [-0.5, 0.5]},
								"down": {"uv": [4, 56.5], "uv_size": [-0.5, -0.5]}
							}
						}
					]
				},
				{
					"name": "wheel2",
					"parent": "wheelmain",
					"pivot": [10.7813, 5.54902, -20.13821],
					"cubes": [
						{
							"origin": [8.60221, 9.02556, -21.20732],
							"size": [3.888, 2.016, 2.187],
							"uv": {
								"north": {"uv": [15, 49.5], "uv_size": [2, 1]},
								"east": {"uv": [15, 54.5], "uv_size": [1, 1]},
								"south": {"uv": [26.5, 49.5], "uv_size": [2, 1]},
								"west": {"uv": [16, 54.5], "uv_size": [1, 1]},
								"up": {"uv": [28.5, 49.5], "uv_size": [2, 1]},
								"down": {"uv": [30.5, 50.5], "uv_size": [2, -1]}
							}
						},
						{
							"origin": [8.60221, 9.02556, -21.20732],
							"size": [3.888, 2.016, 2.187],
							"pivot": [10.66771, 5.54417, -20.11382],
							"rotation": [-22.5, 0, 0],
							"uv": {
								"north": {"uv": [49.5, 46], "uv_size": [2, 1]},
								"east": {"uv": [26.5, 54.5], "uv_size": [1, 1]},
								"south": {"uv": [49.5, 47], "uv_size": [2, 1]},
								"west": {"uv": [27.5, 54.5], "uv_size": [1, 1]},
								"up": {"uv": [49.5, 48], "uv_size": [2, 1]},
								"down": {"uv": [49.5, 50], "uv_size": [2, -1]}
							}
						},
						{
							"origin": [8.60221, 9.02556, -21.20732],
							"size": [3.888, 2.016, 2.187],
							"pivot": [10.66771, 5.54417, -20.11382],
							"rotation": [-45, 0, 0],
							"uv": {
								"north": {"uv": [2, 50], "uv_size": [2, 1]},
								"east": {"uv": [28.5, 54.5], "uv_size": [1, 1]},
								"south": {"uv": [4, 50], "uv_size": [2, 1]},
								"west": {"uv": [29.5, 54.5], "uv_size": [1, 1]},
								"up": {"uv": [6, 50], "uv_size": [2, 1]},
								"down": {"uv": [8, 51], "uv_size": [2, -1]}
							}
						},
						{
							"origin": [8.60221, 4.45066, -16.63243],
							"size": [3.888, 2.187, 2.016],
							"pivot": [10.66771, 5.54417, -20.11382],
							"rotation": [22.5, 0, 0],
							"uv": {
								"north": {"uv": [49.5, 50], "uv_size": [2, 1]},
								"east": {"uv": [54.5, 29.5], "uv_size": [1, 1]},
								"south": {"uv": [10, 50.5], "uv_size": [2, 1]},
								"west": {"uv": [30.5, 54.5], "uv_size": [1, 1]},
								"up": {"uv": [12, 50.5], "uv_size": [2, 1]},
								"down": {"uv": [14, 51.5], "uv_size": [2, -1]}
							}
						},
						{
							"origin": [8.60221, 0.04677, -21.20733],
							"size": [3.888, 2.016, 2.187],
							"pivot": [10.66771, 5.54417, -20.11382],
							"rotation": [22.5, 0, 0],
							"uv": {
								"north": {"uv": [26.5, 50.5], "uv_size": [2, 1]},
								"east": {"uv": [54.5, 30.5], "uv_size": [1, 1]},
								"south": {"uv": [28.5, 50.5], "uv_size": [2, 1]},
								"west": {"uv": [31.5, 54.5], "uv_size": [1, 1]},
								"up": {"uv": [50.5, 29.5], "uv_size": [2, 1]},
								"down": {"uv": [30.5, 51.5], "uv_size": [2, -1]}
							}
						},
						{
							"origin": [8.60221, 4.45067, -16.63243],
							"size": [3.888, 2.187, 2.016],
							"pivot": [10.66771, 5.54417, -20.11382],
							"rotation": [-45, 0, 0],
							"uv": {
								"north": {"uv": [50.5, 30.5], "uv_size": [2, 1]},
								"east": {"uv": [54.5, 31.5], "uv_size": [1, 1]},
								"south": {"uv": [50.5, 31.5], "uv_size": [2, 1]},
								"west": {"uv": [54.5, 32.5], "uv_size": [1, 1]},
								"up": {"uv": [50.5, 32.5], "uv_size": [2, 1]},
								"down": {"uv": [50.5, 34.5], "uv_size": [2, -1]}
							}
						},
						{
							"origin": [8.60221, 4.45067, -16.63243],
							"size": [3.888, 2.187, 2.016],
							"pivot": [10.66771, 5.54417, -20.11382],
							"rotation": [-22.5, 0, 0],
							"uv": {
								"north": {"uv": [50.5, 34.5], "uv_size": [2, 1]},
								"east": {"uv": [54.5, 33.5], "uv_size": [1, 1]},
								"south": {"uv": [50.5, 35.5], "uv_size": [2, 1]},
								"west": {"uv": [54.5, 34.5], "uv_size": [1, 1]},
								"up": {"uv": [50.5, 36.5], "uv_size": [2, 1]},
								"down": {"uv": [51, 1], "uv_size": [2, -1]}
							}
						},
						{
							"origin": [8.60221, 4.45067, -16.63243],
							"size": [3.888, 2.187, 2.016],
							"uv": {
								"north": {"uv": [51, 1], "uv_size": [2, 1]},
								"east": {"uv": [54.5, 35.5], "uv_size": [1, 1]},
								"south": {"uv": [2, 51], "uv_size": [2, 1]},
								"west": {"uv": [54.5, 36.5], "uv_size": [1, 1]},
								"up": {"uv": [51, 2], "uv_size": [2, 1]},
								"down": {"uv": [4, 52], "uv_size": [2, -1]}
							}
						},
						{
							"origin": [8.60221, 4.45067, -25.61121],
							"size": [3.888, 2.187, 2.016],
							"pivot": [10.66771, 5.54417, -20.11382],
							"rotation": [-45, 0, 0],
							"uv": {
								"north": {"uv": [6, 51], "uv_size": [2, 1]},
								"east": {"uv": [47, 54.5], "uv_size": [1, 1]},
								"south": {"uv": [8, 51], "uv_size": [2, 1]},
								"west": {"uv": [48, 54.5], "uv_size": [1, 1]},
								"up": {"uv": [34, 51], "uv_size": [2, 1]},
								"down": {"uv": [36, 52], "uv_size": [2, -1]}
							}
						},
						{
							"origin": [8.60221, 9.02556, -21.20733],
							"size": [3.888, 2.016, 2.187],
							"pivot": [10.66771, 5.54417, -20.11382],
							"rotation": [22.5, 0, 0],
							"uv": {
								"north": {"uv": [38, 51], "uv_size": [2, 1]},
								"east": {"uv": [49, 54.5], "uv_size": [1, 1]},
								"south": {"uv": [40, 51], "uv_size": [2, 1]},
								"west": {"uv": [50, 54.5], "uv_size": [1, 1]},
								"up": {"uv": [48.5, 51], "uv_size": [2, 1]},
								"down": {"uv": [50.5, 52], "uv_size": [2, -1]}
							}
						},
						{
							"origin": [8.60221, 4.45066, -25.61122],
							"size": [3.888, 2.187, 2.016],
							"pivot": [10.66771, 5.54417, -20.11382],
							"rotation": [-22.5, 0, 0],
							"uv": {
								"north": {"uv": [10, 51.5], "uv_size": [2, 1]},
								"east": {"uv": [51, 54.5], "uv_size": [1, 1]},
								"south": {"uv": [12, 51.5], "uv_size": [2, 1]},
								"west": {"uv": [54.5, 51], "uv_size": [1, 1]},
								"up": {"uv": [14, 51.5], "uv_size": [2, 1]},
								"down": {"uv": [51.5, 22], "uv_size": [2, -1]}
							}
						},
						{
							"origin": [8.60221, 4.45066, -25.61122],
							"size": [3.888, 2.187, 2.016],
							"uv": {
								"north": {"uv": [51.5, 22], "uv_size": [2, 1]},
								"east": {"uv": [52, 54.5], "uv_size": [1, 1]},
								"south": {"uv": [51.5, 23], "uv_size": [2, 1]},
								"west": {"uv": [53, 54.5], "uv_size": [1, 1]},
								"up": {"uv": [26.5, 51.5], "uv_size": [2, 1]},
								"down": {"uv": [28.5, 52.5], "uv_size": [2, -1]}
							}
						},
						{
							"origin": [8.60221, 4.45066, -25.61122],
							"size": [3.888, 2.187, 2.016],
							"pivot": [10.66771, 5.54417, -20.11382],
							"rotation": [22.5, 0, 0],
							"uv": {
								"north": {"uv": [30.5, 51.5], "uv_size": [2, 1]},
								"east": {"uv": [54.5, 54], "uv_size": [1, 1]},
								"south": {"uv": [51.5, 46], "uv_size": [2, 1]},
								"west": {"uv": [0, 55], "uv_size": [1, 1]},
								"up": {"uv": [51.5, 47], "uv_size": [2, 1]},
								"down": {"uv": [51.5, 49], "uv_size": [2, -1]}
							}
						},
						{
							"origin": [8.60221, 0.04677, -21.20733],
							"size": [3.888, 2.016, 2.187],
							"pivot": [10.66771, 5.54417, -20.11382],
							"rotation": [-45, 0, 0],
							"uv": {
								"north": {"uv": [51.5, 49], "uv_size": [2, 1]},
								"east": {"uv": [55, 0], "uv_size": [1, 1]},
								"south": {"uv": [51.5, 50], "uv_size": [2, 1]},
								"west": {"uv": [1, 55], "uv_size": [1, 1]},
								"up": {"uv": [2, 52], "uv_size": [2, 1]},
								"down": {"uv": [4, 53], "uv_size": [2, -1]}
							}
						},
						{
							"origin": [8.60221, 0.04677, -21.20732],
							"size": [3.888, 2.016, 2.187],
							"pivot": [10.66771, 5.54417, -20.11382],
							"rotation": [-22.5, 0, 0],
							"uv": {
								"north": {"uv": [6, 52], "uv_size": [2, 1]},
								"east": {"uv": [55, 1], "uv_size": [1, 1]},
								"south": {"uv": [8, 52], "uv_size": [2, 1]},
								"west": {"uv": [2, 55], "uv_size": [1, 1]},
								"up": {"uv": [52, 27.5], "uv_size": [2, 1]},
								"down": {"uv": [52, 29.5], "uv_size": [2, -1]}
							}
						},
						{
							"origin": [8.60221, 0.04677, -21.20732],
							"size": [3.888, 2.016, 2.187],
							"uv": {
								"north": {"uv": [34, 52], "uv_size": [2, 1]},
								"east": {"uv": [55, 2], "uv_size": [1, 1]},
								"south": {"uv": [36, 52], "uv_size": [2, 1]},
								"west": {"uv": [3, 55], "uv_size": [1, 1]},
								"up": {"uv": [38, 52], "uv_size": [2, 1]},
								"down": {"uv": [40, 53], "uv_size": [2, -1]}
							}
						},
						{
							"origin": [10.30321, 1.72816, -23.92982],
							"size": [0.972, 7.632, 7.632],
							"uv": {
								"north": {"uv": [17, 49.5], "uv_size": [0.5, 4]},
								"east": {"uv": [25.5, 34], "uv_size": [4, 4]},
								"south": {"uv": [32.5, 49.5], "uv_size": [0.5, 4]},
								"west": {"uv": [29.5, 34], "uv_size": [4, 4]},
								"up": {"uv": [16, 50.5], "uv_size": [0.5, 4]},
								"down": {"uv": [16.5, 54.5], "uv_size": [0.5, -4]}
							}
						},
						{
							"origin": [10.74021, 2.06277, -20.70732],
							"size": [1, 7, 1],
							"uv": {
								"north": {"uv": [37.5, 54], "uv_size": [0.5, 3.5]},
								"east": {"uv": [38, 54], "uv_size": [0.5, 3.5]},
								"south": {"uv": [38.5, 54], "uv_size": [0.5, 3.5]},
								"west": {"uv": [39, 54], "uv_size": [0.5, 3.5]},
								"up": {"uv": [0.5, 56], "uv_size": [0.5, 0.5]},
								"down": {"uv": [56, 1], "uv_size": [0.5, -0.5]}
							}
						},
						{
							"origin": [10.74021, 5.06277, -23.70732],
							"size": [1, 1, 7],
							"uv": {
								"north": {"uv": [1, 56], "uv_size": [0.5, 0.5]},
								"east": {"uv": [19, 14.5], "uv_size": [3.5, 0.5]},
								"south": {"uv": [56, 1], "uv_size": [0.5, 0.5]},
								"west": {"uv": [33.5, 15.5], "uv_size": [3.5, 0.5]},
								"up": {"uv": [39.5, 54], "uv_size": [0.5, 3.5]},
								"down": {"uv": [40, 57.5], "uv_size": [0.5, -3.5]}
							}
						},
						{
							"origin": [10.74021, 5.06277, -23.70732],
							"size": [1, 1, 7],
							"pivot": [11.24021, 5.56277, -20.20732],
							"rotation": [-45, 0, 0],
							"uv": {
								"north": {"uv": [1.5, 56], "uv_size": [0.5, 0.5]},
								"east": {"uv": [47, 54], "uv_size": [3.5, 0.5]},
								"south": {"uv": [56, 1.5], "uv_size": [0.5, 0.5]},
								"west": {"uv": [50.5, 54], "uv_size": [3.5, 0.5]},
								"up": {"uv": [40.5, 54], "uv_size": [0.5, 3.5]},
								"down": {"uv": [41, 57.5], "uv_size": [0.5, -3.5]}
							}
						},
						{
							"origin": [10.74021, 2.06277, -20.70732],
							"size": [1, 7, 1],
							"pivot": [11.24021, 5.56277, -20.20732],
							"rotation": [-45, 0, 0],
							"uv": {
								"north": {"uv": [41.5, 54], "uv_size": [0.5, 3.5]},
								"east": {"uv": [54, 54], "uv_size": [0.5, 3.5]},
								"south": {"uv": [10, 54.5], "uv_size": [0.5, 3.5]},
								"west": {"uv": [10.5, 54.5], "uv_size": [0.5, 3.5]},
								"up": {"uv": [2, 56], "uv_size": [0.5, 0.5]},
								"down": {"uv": [56, 2.5], "uv_size": [0.5, -0.5]}
							}
						},
						{
							"origin": [11.24021, 5.06277, -21.70732],
							"size": [1, 1, 3],
							"pivot": [11.74021, 5.56277, -20.20732],
							"rotation": [22.5, 0, 0],
							"uv": {
								"north": {"uv": [2.5, 56], "uv_size": [0.5, 0.5]},
								"east": {"uv": [55.5, 37], "uv_size": [1.5, 0.5]},
								"south": {"uv": [56, 2.5], "uv_size": [0.5, 0.5]},
								"west": {"uv": [47.5, 55.5], "uv_size": [1.5, 0.5]},
								"up": {"uv": [55.5, 47.5], "uv_size": [0.5, 1.5]},
								"down": {"uv": [49, 57], "uv_size": [0.5, -1.5]}
							}
						},
						{
							"origin": [11.24021, 4.06277, -20.70732],
							"size": [1, 3, 1],
							"pivot": [11.74021, 5.56277, -20.20732],
							"rotation": [22.5, 0, 0],
							"uv": {
								"north": {"uv": [55.5, 49], "uv_size": [0.5, 1.5]},
								"east": {"uv": [49.5, 55.5], "uv_size": [0.5, 1.5]},
								"south": {"uv": [50, 55.5], "uv_size": [0.5, 1.5]},
								"west": {"uv": [50.5, 55.5], "uv_size": [0.5, 1.5]},
								"up": {"uv": [3, 56], "uv_size": [0.5, 0.5]},
								"down": {"uv": [3.5, 56.5], "uv_size": [0.5, -0.5]}
							}
						}
					]
				},
				{
					"name": "interior3",
					"parent": "root",
					"pivot": [8, 72, -44]
				},
				{
					"name": "chairs3",
					"parent": "interior3",
					"pivot": [0, 72, -44]
				},
				{
					"name": "chair3",
					"parent": "chairs3",
					"pivot": [2, 75.75, -45],
					"cubes": [
						{
							"origin": [0.58, 8.15532, 1.93031],
							"size": [8.69, 6.32, 0.79],
							"uv": {
								"north": {"uv": [108, 110], "uv_size": [5.5, 4]},
								"east": {"uv": [90, 124], "uv_size": [0.5, 4]},
								"south": {"uv": [108, 114], "uv_size": [5.5, 4]},
								"west": {"uv": [90.5, 124], "uv_size": [0.5, 4]},
								"up": {"uv": [101.5, 102], "uv_size": [5.5, 0.5]},
								"down": {"uv": [118.5, 99.5], "uv_size": [5.5, -0.5]}
							}
						},
						{
							"origin": [1.37, 6.57532, 1.14031],
							"size": [7.11, 9.48, 1.58],
							"uv": {
								"north": {"uv": [90, 110], "uv_size": [4.5, 6]},
								"east": {"uv": [117.5, 93.5], "uv_size": [1, 6]},
								"south": {"uv": [94.5, 110], "uv_size": [4.5, 6]},
								"west": {"uv": [95.5, 121], "uv_size": [1, 6]},
								"up": {"uv": [118, 110.5], "uv_size": [4.5, 1]},
								"down": {"uv": [118, 112.5], "uv_size": [4.5, -1]}
							}
						},
						{
							"origin": [1.37, 8.15532, 2.72031],
							"size": [7.11, 6.32, 0.79],
							"uv": {
								"north": {"uv": [90, 116], "uv_size": [4.5, 4]},
								"east": {"uv": [91, 124], "uv_size": [0.5, 4]},
								"south": {"uv": [94.5, 116], "uv_size": [4.5, 4]},
								"west": {"uv": [91.5, 124], "uv_size": [0.5, 4]},
								"up": {"uv": [120.5, 109.5], "uv_size": [4.5, 0.5]},
								"down": {"uv": [120.5, 110.5], "uv_size": [4.5, -0.5]}
							}
						},
						{
							"origin": [2.16, 6.26736, -3.31524],
							"size": [5.53, 2.37, 4.74],
							"uv": {
								"north": {"uv": [101.5, 100.5], "uv_size": [3.5, 1.5]},
								"east": {"uv": [118, 112.5], "uv_size": [3, 1.5]},
								"south": {"uv": [105, 100.5], "uv_size": [3.5, 1.5]},
								"west": {"uv": [118, 114], "uv_size": [3, 1.5]},
								"up": {"uv": [116.5, 103.5], "uv_size": [3.5, 3]},
								"down": {"uv": [107, 123.5], "uv_size": [3.5, -3]}
							}
						},
						{
							"origin": [0.58, 7.13636, -3.31524],
							"size": [8.69, 0.79, 3.95],
							"uv": {
								"north": {"uv": [108.5, 123.5], "uv_size": [5.5, 0.5]},
								"east": {"uv": [111, 109.5], "uv_size": [2.5, 0.5]},
								"south": {"uv": [120, 122.5], "uv_size": [5.5, 0.5]},
								"west": {"uv": [121, 113.5], "uv_size": [2.5, 0.5]},
								"up": {"uv": [113.5, 115.5], "uv_size": [5.5, 2.5]},
								"down": {"uv": [108, 120.5], "uv_size": [5.5, -2.5]}
							}
						},
						{
							"origin": [1.37, 7.13636, -4.10524],
							"size": [7.11, 1.58, 5.53],
							"uv": {
								"north": {"uv": [118.5, 93.5], "uv_size": [4.5, 1]},
								"east": {"uv": [119, 118.5], "uv_size": [3.5, 1]},
								"south": {"uv": [118.5, 94.5], "uv_size": [4.5, 1]},
								"west": {"uv": [119, 119.5], "uv_size": [3.5, 1]},
								"up": {"uv": [113, 93.5], "uv_size": [4.5, 3.5]},
								"down": {"uv": [113, 100.5], "uv_size": [4.5, -3.5]}
							}
						}
					]
				},
				{
					"name": "mount3",
					"parent": "chair3",
					"pivot": [7, 82.5, -11]
				},
				{
					"name": "chair4",
					"parent": "chairs3",
					"pivot": [-2, 75.75, -45],
					"cubes": [
						{
							"origin": [-9.27, 8.15532, 1.93031],
							"size": [8.69, 6.32, 0.79],
							"uv": {
								"north": {"uv": [111, 100.5], "uv_size": [5.5, 4]},
								"east": {"uv": [92, 124], "uv_size": [0.5, 4]},
								"south": {"uv": [111, 104.5], "uv_size": [5.5, 4]},
								"west": {"uv": [92.5, 124], "uv_size": [0.5, 4]},
								"up": {"uv": [120, 123], "uv_size": [5.5, 0.5]},
								"down": {"uv": [120, 124], "uv_size": [5.5, -0.5]}
							}
						},
						{
							"origin": [-8.48, 6.57532, 1.14031],
							"size": [7.11, 9.48, 1.58],
							"uv": {
								"north": {"uv": [99, 110], "uv_size": [4.5, 6]},
								"east": {"uv": [96.5, 121], "uv_size": [1, 6]},
								"south": {"uv": [103.5, 110], "uv_size": [4.5, 6]},
								"west": {"uv": [97.5, 121], "uv_size": [1, 6]},
								"up": {"uv": [118.5, 95.5], "uv_size": [4.5, 1]},
								"down": {"uv": [118.5, 97.5], "uv_size": [4.5, -1]}
							}
						},
						{
							"origin": [-8.48, 8.15532, 2.72031],
							"size": [7.11, 6.32, 0.79],
							"uv": {
								"north": {"uv": [99, 116], "uv_size": [4.5, 4]},
								"east": {"uv": [117.5, 124], "uv_size": [0.5, 4]},
								"south": {"uv": [103.5, 116], "uv_size": [4.5, 4]},
								"west": {"uv": [118, 124], "uv_size": [0.5, 4]},
								"up": {"uv": [108.5, 124], "uv_size": [4.5, 0.5]},
								"down": {"uv": [113, 124.5], "uv_size": [4.5, -0.5]}
							}
						},
						{
							"origin": [-7.69, 6.26736, -3.31524],
							"size": [5.53, 2.37, 4.74],
							"uv": {
								"north": {"uv": [98.5, 121], "uv_size": [3.5, 1.5]},
								"east": {"uv": [118.5, 97.5], "uv_size": [3, 1.5]},
								"south": {"uv": [102, 121], "uv_size": [3.5, 1.5]},
								"west": {"uv": [90, 122.5], "uv_size": [3, 1.5]},
								"up": {"uv": [110.5, 120.5], "uv_size": [3.5, 3]},
								"down": {"uv": [114, 123.5], "uv_size": [3.5, -3]}
							}
						},
						{
							"origin": [-9.27, 7.13636, -3.31524],
							"size": [8.69, 0.79, 3.95],
							"uv": {
								"north": {"uv": [120.5, 108.5], "uv_size": [5.5, 0.5]},
								"east": {"uv": [121, 114], "uv_size": [2.5, 0.5]},
								"south": {"uv": [120.5, 109], "uv_size": [5.5, 0.5]},
								"west": {"uv": [121, 114.5], "uv_size": [2.5, 0.5]},
								"up": {"uv": [113.5, 118], "uv_size": [5.5, 2.5]},
								"down": {"uv": [90, 122.5], "uv_size": [5.5, -2.5]}
							}
						},
						{
							"origin": [-8.48, 7.13636, -4.10524],
							"size": [7.11, 1.58, 5.53],
							"uv": {
								"north": {"uv": [98.5, 122.5], "uv_size": [4.5, 1]},
								"east": {"uv": [119, 120.5], "uv_size": [3.5, 1]},
								"south": {"uv": [119, 115.5], "uv_size": [4.5, 1]},
								"west": {"uv": [119, 121.5], "uv_size": [3.5, 1]},
								"up": {"uv": [113.5, 108.5], "uv_size": [4.5, 3.5]},
								"down": {"uv": [113.5, 115.5], "uv_size": [4.5, -3.5]}
							}
						}
					]
				},
				{
					"name": "p_sidemount3",
					"parent": "chair4",
					"pivot": [-8, 82.5, -11]
				},
				{
					"name": "chair2",
					"parent": "chairs3",
					"pivot": [0.5, 83.875, 4],
					"cubes": [
						{
							"origin": [-7.9, 8.35282, 4.88031],
							"size": [16.59, 0.79, 6.32],
							"uv": {
								"north": {"uv": [117.5, 99.5], "uv_size": [10.5, 0.5]},
								"east": {"uv": [120, 124], "uv_size": [4, 0.5]},
								"south": {"uv": [117.5, 100], "uv_size": [10.5, 0.5]},
								"west": {"uv": [108.5, 124.5], "uv_size": [4, 0.5]},
								"up": {"uv": [90, 102.5], "uv_size": [10.5, 4]},
								"down": {"uv": [100.5, 106.5], "uv_size": [10.5, -4]}
							}
						},
						{
							"origin": [-8.69, 8.35282, 10.01531],
							"size": [18.17, 5.53, 1.58],
							"uv": {
								"north": {"uv": [101.5, 93.5], "uv_size": [11.5, 3.5]},
								"east": {"uv": [94.5, 122.5], "uv_size": [1, 3.5]},
								"south": {"uv": [101.5, 97], "uv_size": [11.5, 3.5]},
								"west": {"uv": [104.5, 122.5], "uv_size": [1, 3.5]},
								"up": {"uv": [95.5, 120], "uv_size": [11.5, 1]},
								"down": {"uv": [116.5, 101.5], "uv_size": [11.5, -1]}
							}
						},
						{
							"origin": [-7.9, 9.14282, 10.41031],
							"size": [16.59, 5.53, 1.58],
							"uv": {
								"north": {"uv": [90, 106.5], "uv_size": [10.5, 3.5]},
								"east": {"uv": [119, 122.5], "uv_size": [1, 3.5]},
								"south": {"uv": [100.5, 106.5], "uv_size": [10.5, 3.5]},
								"west": {"uv": [98.5, 123.5], "uv_size": [1, 3.5]},
								"up": {"uv": [116.5, 106.5], "uv_size": [10.5, 1]},
								"down": {"uv": [116.5, 108.5], "uv_size": [10.5, -1]}
							}
						},
						{
							"origin": [-8.69, 6.77282, 4.09031],
							"size": [18.17, 1.58, 7.11],
							"uv": {
								"north": {"uv": [116.5, 101.5], "uv_size": [11.5, 1]},
								"east": {"uv": [119, 116.5], "uv_size": [4.5, 1]},
								"south": {"uv": [116.5, 102.5], "uv_size": [11.5, 1]},
								"west": {"uv": [119, 117.5], "uv_size": [4.5, 1]},
								"up": {"uv": [90, 93.5], "uv_size": [11.5, 4.5]},
								"down": {"uv": [90, 102.5], "uv_size": [11.5, -4.5]}
							}
						}
					]
				},
				{
					"name": "p_backmount3",
					"parent": "chair2",
					"pivot": [5.5, 82.875, 1]
				},
				{
					"name": "p_backmount4",
					"parent": "chair2",
					"pivot": [-5.5, 82.875, 1]
				},
				{
					"name": "chair7",
					"parent": "chairs3",
					"pivot": [0.5, 83.875, 4],
					"cubes": [
						{
							"origin": [-7.9, 8.35282, 12.88031],
							"size": [16.59, 0.79, 6.32],
							"uv": {
								"north": {"uv": [117.5, 99.5], "uv_size": [10.5, 0.5]},
								"east": {"uv": [120, 124], "uv_size": [4, 0.5]},
								"south": {"uv": [117.5, 100], "uv_size": [10.5, 0.5]},
								"west": {"uv": [108.5, 124.5], "uv_size": [4, 0.5]},
								"up": {"uv": [90, 102.5], "uv_size": [10.5, 4]},
								"down": {"uv": [100.5, 106.5], "uv_size": [10.5, -4]}
							}
						},
						{
							"origin": [-8.69, 8.35282, 18.01531],
							"size": [18.17, 5.53, 1.58],
							"uv": {
								"north": {"uv": [101.5, 93.5], "uv_size": [11.5, 3.5]},
								"east": {"uv": [94.5, 122.5], "uv_size": [1, 3.5]},
								"south": {"uv": [101.5, 97], "uv_size": [11.5, 3.5]},
								"west": {"uv": [104.5, 122.5], "uv_size": [1, 3.5]},
								"up": {"uv": [95.5, 120], "uv_size": [11.5, 1]},
								"down": {"uv": [116.5, 101.5], "uv_size": [11.5, -1]}
							}
						},
						{
							"origin": [-7.9, 9.14282, 18.41031],
							"size": [16.59, 5.53, 1.58],
							"uv": {
								"north": {"uv": [90, 106.5], "uv_size": [10.5, 3.5]},
								"east": {"uv": [119, 122.5], "uv_size": [1, 3.5]},
								"south": {"uv": [100.5, 106.5], "uv_size": [10.5, 3.5]},
								"west": {"uv": [98.5, 123.5], "uv_size": [1, 3.5]},
								"up": {"uv": [116.5, 106.5], "uv_size": [10.5, 1]},
								"down": {"uv": [116.5, 108.5], "uv_size": [10.5, -1]}
							}
						},
						{
							"origin": [-8.69, 6.77282, 12.09031],
							"size": [18.17, 1.58, 7.11],
							"uv": {
								"north": {"uv": [116.5, 101.5], "uv_size": [11.5, 1]},
								"east": {"uv": [119, 116.5], "uv_size": [4.5, 1]},
								"south": {"uv": [116.5, 102.5], "uv_size": [11.5, 1]},
								"west": {"uv": [119, 117.5], "uv_size": [4.5, 1]},
								"up": {"uv": [90, 93.5], "uv_size": [11.5, 4.5]},
								"down": {"uv": [90, 102.5], "uv_size": [11.5, -4.5]}
							}
						}
					]
				},
				{
					"name": "p_backmount2",
					"parent": "chair7",
					"pivot": [5.5, 82.875, 1]
				},
				{
					"name": "p_backmount5",
					"parent": "chair7",
					"pivot": [-5.5, 82.875, 1]
				},
				{
					"name": "handle",
					"parent": "interior3",
					"pivot": [4.85295, 12.69258, -4.88184],
					"rotation": [22.5, 0, 0],
					"cubes": [
						{
							"origin": [7.5, 11.19258, -5.18184],
							"size": [1, 3, 1],
							"uv": {
								"north": {"uv": [118.5, 124], "uv_size": [0.5, 1.5]},
								"east": {"uv": [102.5, 124.5], "uv_size": [0.5, 1.5]},
								"south": {"uv": [113.5, 124.5], "uv_size": [0.5, 1.5]},
								"west": {"uv": [114, 124.5], "uv_size": [0.5, 1.5]},
								"up": {"uv": [117, 123.5], "uv_size": [0.5, 0.5]},
								"down": {"uv": [107, 126.5], "uv_size": [0.5, -0.5]}
							}
						},
						{
							"origin": [1.75, 12.19258, -5.18184],
							"size": [6, 1, 1],
							"uv": {
								"north": {"uv": [114, 123.5], "uv_size": [3, 0.5]},
								"east": {"uv": [122.5, 110.5], "uv_size": [0.5, 0.5]},
								"south": {"uv": [99.5, 124.5], "uv_size": [3, 0.5]},
								"west": {"uv": [107.5, 126], "uv_size": [0.5, 0.5]},
								"up": {"uv": [121, 112.5], "uv_size": [3, 0.5]},
								"down": {"uv": [121, 113.5], "uv_size": [3, -0.5]}
							}
						},
						{
							"origin": [4.25, 12.19258, -8.18184],
							"size": [1, 1, 3],
							"uv": {
								"north": {"uv": [122.5, 111], "uv_size": [0.5, 0.5]},
								"east": {"uv": [107, 102], "uv_size": [1.5, 0.5]},
								"south": {"uv": [108, 126], "uv_size": [0.5, 0.5]},
								"west": {"uv": [121, 115], "uv_size": [1.5, 0.5]},
								"up": {"uv": [114.5, 124.5], "uv_size": [0.5, 1.5]},
								"down": {"uv": [115, 126], "uv_size": [0.5, -1.5]}
							}
						},
						{
							"origin": [1.25736, 11.19258, -5.18184],
							"size": [1, 3, 1],
							"uv": {
								"north": {"uv": [115.5, 124.5], "uv_size": [0.5, 1.5]},
								"east": {"uv": [116, 124.5], "uv_size": [0.5, 1.5]},
								"south": {"uv": [116.5, 124.5], "uv_size": [0.5, 1.5]},
								"west": {"uv": [117, 124.5], "uv_size": [0.5, 1.5]},
								"up": {"uv": [122.5, 111.5], "uv_size": [0.5, 0.5]},
								"down": {"uv": [108.5, 126.5], "uv_size": [0.5, -0.5]}
							}
						},
						{
							"origin": [39.03409, 21.38437, -5.18184],
							"size": [3, 1, 1],
							"pivot": [15.37868, 58.76769, -78.14745],
							"rotation": [0, 0, 45],
							"uv": {
								"north": {"uv": [120, 124.5], "uv_size": [1.5, 0.5]},
								"east": {"uv": [122.5, 112], "uv_size": [0.5, 0.5]},
								"south": {"uv": [93, 125], "uv_size": [1.5, 0.5]},
								"west": {"uv": [109, 126], "uv_size": [0.5, 0.5]},
								"up": {"uv": [121.5, 97.5], "uv_size": [1.5, 0.5]},
								"down": {"uv": [121.5, 98.5], "uv_size": [1.5, -0.5]}
							}
						},
						{
							"origin": [34.61987, 16.97015, -5.18184],
							"size": [3, 1, 1],
							"pivot": [10.96447, 54.35348, -78.14745],
							"rotation": [0, 0, 45],
							"uv": {
								"north": {"uv": [121.5, 98.5], "uv_size": [1.5, 0.5]},
								"east": {"uv": [109.5, 126], "uv_size": [0.5, 0.5]},
								"south": {"uv": [99.5, 125], "uv_size": [1.5, 0.5]},
								"west": {"uv": [110, 126], "uv_size": [0.5, 0.5]},
								"up": {"uv": [101, 125], "uv_size": [1.5, 0.5]},
								"down": {"uv": [121.5, 105], "uv_size": [1.5, -0.5]}
							}
						},
						{
							"origin": [-27.29754, 34.81939, -5.18184],
							"size": [3, 1, 1],
							"pivot": [13.08579, 59.4748, -78.14745],
							"rotation": [0, 0, -45],
							"uv": {
								"north": {"uv": [121.5, 105], "uv_size": [1.5, 0.5]},
								"east": {"uv": [110.5, 126], "uv_size": [0.5, 0.5]},
								"south": {"uv": [121.5, 105.5], "uv_size": [1.5, 0.5]},
								"west": {"uv": [111, 126], "uv_size": [0.5, 0.5]},
								"up": {"uv": [121.5, 106], "uv_size": [1.5, 0.5]},
								"down": {"uv": [103, 125.5], "uv_size": [1.5, -0.5]}
							}
						},
						{
							"origin": [-22.88333, 30.40518, -5.18184],
							"size": [3, 1, 1],
							"pivot": [17.5, 55.06059, -78.14745],
							"rotation": [0, 0, -45],
							"uv": {
								"north": {"uv": [108.5, 125], "uv_size": [1.5, 0.5]},
								"east": {"uv": [111.5, 126], "uv_size": [0.5, 0.5]},
								"south": {"uv": [110, 125], "uv_size": [1.5, 0.5]},
								"west": {"uv": [122.5, 115], "uv_size": [0.5, 0.5]},
								"up": {"uv": [120, 125], "uv_size": [1.5, 0.5]},
								"down": {"uv": [121.5, 125], "uv_size": [1.5, -0.5]}
							}
						},
						{
							"origin": [3.37868, 15.3139, -5.18184],
							"size": [3, 1, 1],
							"uv": {
								"north": {"uv": [121.5, 125], "uv_size": [1.5, 0.5]},
								"east": {"uv": [112, 126], "uv_size": [0.5, 0.5]},
								"south": {"uv": [93, 125.5], "uv_size": [1.5, 0.5]},
								"west": {"uv": [112.5, 126], "uv_size": [0.5, 0.5]},
								"up": {"uv": [99.5, 125.5], "uv_size": [1.5, 0.5]},
								"down": {"uv": [101, 126], "uv_size": [1.5, -0.5]}
							}
						},
						{
							"origin": [3.37868, 9.07126, -5.18184],
							"size": [3, 1, 1],
							"uv": {
								"north": {"uv": [103, 125.5], "uv_size": [1.5, 0.5]},
								"east": {"uv": [113.5, 126], "uv_size": [0.5, 0.5]},
								"south": {"uv": [105.5, 125.5], "uv_size": [1.5, 0.5]},
								"west": {"uv": [114, 126], "uv_size": [0.5, 0.5]},
								"up": {"uv": [107, 125.5], "uv_size": [1.5, 0.5]},
								"down": {"uv": [108.5, 126], "uv_size": [1.5, -0.5]}
							}
						}
					]
				},
				{
					"name": "box3",
					"parent": "interior3",
					"pivot": [14.85294, 88.5, -68.9]
				},
				{
					"name": "foot3",
					"parent": "interior3",
					"pivot": [8, 72, -44]
				},
				{
					"name": "group3",
					"parent": "root",
					"pivot": [12, 8.04803, -26.30287],
					"cubes": [
						{
							"origin": [11.5, 4.06549, -14.15526],
							"size": [1, 3.25, 1],
							"uv": {
								"north": {"uv": [12, 55.5], "uv_size": [0.5, 1.5]},
								"east": {"uv": [12.5, 55.5], "uv_size": [0.5, 1.5]},
								"south": {"uv": [13, 55.5], "uv_size": [0.5, 1.5]},
								"west": {"uv": [13.5, 55.5], "uv_size": [0.5, 1.5]},
								"up": {"uv": [22.5, 14.5], "uv_size": [0.5, 0.5]},
								"down": {"uv": [31.5, 8], "uv_size": [0.5, -0.5]}
							}
						},
						{
							"origin": [11.5, 4.06549, -27.14749],
							"size": [1, 3.25, 1],
							"uv": {
								"north": {"uv": [14, 55.5], "uv_size": [0.5, 1.5]},
								"east": {"uv": [14.5, 55.5], "uv_size": [0.5, 1.5]},
								"south": {"uv": [15, 55.5], "uv_size": [0.5, 1.5]},
								"west": {"uv": [15.5, 55.5], "uv_size": [0.5, 1.5]},
								"up": {"uv": [32, 7.5], "uv_size": [0.5, 0.5]},
								"down": {"uv": [36.5, 15.5], "uv_size": [0.5, -0.5]}
							}
						},
						{
							"origin": [11.5, 7.04803, -14.49989],
							"size": [1, 2.5, 1],
							"pivot": [12, 8.04803, -13.99989],
							"rotation": [22.5, 0, 0],
							"uv": {
								"north": {"uv": [16, 55.5], "uv_size": [0.5, 1.5]},
								"east": {"uv": [16.5, 55.5], "uv_size": [0.5, 1.5]},
								"south": {"uv": [55.5, 18], "uv_size": [0.5, 1.5]},
								"west": {"uv": [55.5, 19.5], "uv_size": [0.5, 1.5]},
								"up": {"uv": [46, 22], "uv_size": [0.5, 0.5]},
								"down": {"uv": [46.5, 22.5], "uv_size": [0.5, -0.5]}
							}
						},
						{
							"origin": [11.5, 8.97875, -15.67263],
							"size": [1, 2.5, 1],
							"pivot": [12, 9.97875, -15.17263],
							"rotation": [45, 0, 0],
							"uv": {
								"north": {"uv": [55.5, 21], "uv_size": [0.5, 1.5]},
								"east": {"uv": [55.5, 22.5], "uv_size": [0.5, 1.5]},
								"south": {"uv": [26.5, 55.5], "uv_size": [0.5, 1.5]},
								"west": {"uv": [27, 55.5], "uv_size": [0.5, 1.5]},
								"up": {"uv": [10, 50], "uv_size": [0.5, 0.5]},
								"down": {"uv": [10.5, 50.5], "uv_size": [0.5, -0.5]}
							}
						},
						{
							"origin": [11.5, 11.00504, -18.9569],
							"size": [1, 1, 3],
							"pivot": [12, 11.50504, -17.4569],
							"rotation": [-22.5, 0, 0],
							"uv": {
								"north": {"uv": [48.5, 50.5], "uv_size": [0.5, 0.5]},
								"east": {"uv": [45.5, 40.5], "uv_size": [1.5, 0.5]},
								"south": {"uv": [49, 50.5], "uv_size": [0.5, 0.5]},
								"west": {"uv": [15.5, 48], "uv_size": [1.5, 0.5]},
								"up": {"uv": [27.5, 55.5], "uv_size": [0.5, 1.5]},
								"down": {"uv": [28, 57], "uv_size": [0.5, -1.5]}
							}
						},
						{
							"origin": [11.5, 11.54101, -21.65138],
							"size": [1, 1, 3],
							"uv": {
								"north": {"uv": [32.5, 53.5], "uv_size": [0.5, 0.5]},
								"east": {"uv": [47, 51.5], "uv_size": [1.5, 0.5]},
								"south": {"uv": [55.5, 51.5], "uv_size": [0.5, 0.5]},
								"west": {"uv": [55, 13], "uv_size": [1.5, 0.5]},
								"up": {"uv": [28.5, 55.5], "uv_size": [0.5, 1.5]},
								"down": {"uv": [29, 57], "uv_size": [0.5, -1.5]}
							}
						},
						{
							"origin": [11.5, 11.00504, -24.34586],
							"size": [1, 1, 3],
							"pivot": [12, 11.50504, -22.84586],
							"rotation": [22.5, 0, 0],
							"uv": {
								"north": {"uv": [55.5, 54], "uv_size": [0.5, 0.5]},
								"east": {"uv": [55.5, 5.5], "uv_size": [1.5, 0.5]},
								"south": {"uv": [55.5, 54.5], "uv_size": [0.5, 0.5]},
								"west": {"uv": [29.5, 55.5], "uv_size": [1.5, 0.5]},
								"up": {"uv": [55.5, 29.5], "uv_size": [0.5, 1.5]},
								"down": {"uv": [31, 57], "uv_size": [0.5, -1.5]}
							}
						},
						{
							"origin": [11.5, 8.97875, -25.63012],
							"size": [1, 2.5, 1],
							"pivot": [12, 9.97875, -25.13012],
							"rotation": [-45, 0, 0],
							"uv": {
								"north": {"uv": [55.5, 31], "uv_size": [0.5, 1.5]},
								"east": {"uv": [31.5, 55.5], "uv_size": [0.5, 1.5]},
								"south": {"uv": [32, 55.5], "uv_size": [0.5, 1.5]},
								"west": {"uv": [55.5, 32.5], "uv_size": [0.5, 1.5]},
								"up": {"uv": [55.5, 55], "uv_size": [0.5, 0.5]},
								"down": {"uv": [55.5, 56], "uv_size": [0.5, -0.5]}
							}
						},
						{
							"origin": [11.5, 7.04803, -26.80287],
							"size": [1, 2.5, 1],
							"pivot": [12, 8.04803, -26.30287],
							"rotation": [-22.5, 0, 0],
							"uv": {
								"north": {"uv": [55.5, 34], "uv_size": [0.5, 1.5]},
								"east": {"uv": [55.5, 35.5], "uv_size": [0.5, 1.5]},
								"south": {"uv": [55.5, 46], "uv_size": [0.5, 1.5]},
								"west": {"uv": [47, 55.5], "uv_size": [0.5, 1.5]},
								"up": {"uv": [0, 56], "uv_size": [0.5, 0.5]},
								"down": {"uv": [56, 0.5], "uv_size": [0.5, -0.5]}
							}
						}
					]
				},
				{
					"name": "group",
					"parent": "root",
					"pivot": [12, 8.04803, -26.30287],
					"cubes": [
						{
							"origin": [-12.5, 4.06549, -14.15526],
							"size": [1, 3.25, 1],
							"uv": {
								"north": {"uv": [12.5, 55.5], "uv_size": [-0.5, 1.5]},
								"east": {"uv": [14, 55.5], "uv_size": [-0.5, 1.5]},
								"south": {"uv": [13.5, 55.5], "uv_size": [-0.5, 1.5]},
								"west": {"uv": [13, 55.5], "uv_size": [-0.5, 1.5]},
								"up": {"uv": [23, 14.5], "uv_size": [-0.5, 0.5]},
								"down": {"uv": [32, 8], "uv_size": [-0.5, -0.5]}
							}
						},
						{
							"origin": [-12.5, 4.06549, -27.14749],
							"size": [1, 3.25, 1],
							"uv": {
								"north": {"uv": [14.5, 55.5], "uv_size": [-0.5, 1.5]},
								"east": {"uv": [16, 55.5], "uv_size": [-0.5, 1.5]},
								"south": {"uv": [15.5, 55.5], "uv_size": [-0.5, 1.5]},
								"west": {"uv": [15, 55.5], "uv_size": [-0.5, 1.5]},
								"up": {"uv": [32.5, 7.5], "uv_size": [-0.5, 0.5]},
								"down": {"uv": [37, 15.5], "uv_size": [-0.5, -0.5]}
							}
						},
						{
							"origin": [-12.5, 7.04803, -14.49989],
							"size": [1, 2.5, 1],
							"pivot": [-12, 8.04803, -13.99989],
							"rotation": [22.5, 0, 0],
							"uv": {
								"north": {"uv": [16.5, 55.5], "uv_size": [-0.5, 1.5]},
								"east": {"uv": [56, 19.5], "uv_size": [-0.5, 1.5]},
								"south": {"uv": [56, 18], "uv_size": [-0.5, 1.5]},
								"west": {"uv": [17, 55.5], "uv_size": [-0.5, 1.5]},
								"up": {"uv": [46.5, 22], "uv_size": [-0.5, 0.5]},
								"down": {"uv": [47, 22.5], "uv_size": [-0.5, -0.5]}
							}
						},
						{
							"origin": [-12.5, 8.97875, -15.67263],
							"size": [1, 2.5, 1],
							"pivot": [-12, 9.97875, -15.17263],
							"rotation": [45, 0, 0],
							"uv": {
								"north": {"uv": [56, 21], "uv_size": [-0.5, 1.5]},
								"east": {"uv": [27.5, 55.5], "uv_size": [-0.5, 1.5]},
								"south": {"uv": [27, 55.5], "uv_size": [-0.5, 1.5]},
								"west": {"uv": [56, 22.5], "uv_size": [-0.5, 1.5]},
								"up": {"uv": [10.5, 50], "uv_size": [-0.5, 0.5]},
								"down": {"uv": [11, 50.5], "uv_size": [-0.5, -0.5]}
							}
						},
						{
							"origin": [-12.5, 11.00504, -18.9569],
							"size": [1, 1, 3],
							"pivot": [-12, 11.50504, -17.4569],
							"rotation": [-22.5, 0, 0],
							"uv": {
								"north": {"uv": [49, 50.5], "uv_size": [-0.5, 0.5]},
								"east": {"uv": [17, 48], "uv_size": [-1.5, 0.5]},
								"south": {"uv": [49.5, 50.5], "uv_size": [-0.5, 0.5]},
								"west": {"uv": [47, 40.5], "uv_size": [-1.5, 0.5]},
								"up": {"uv": [28, 55.5], "uv_size": [-0.5, 1.5]},
								"down": {"uv": [28.5, 57], "uv_size": [-0.5, -1.5]}
							}
						},
						{
							"origin": [-12.5, 11.54101, -21.65138],
							"size": [1, 1, 3],
							"uv": {
								"north": {"uv": [33, 53.5], "uv_size": [-0.5, 0.5]},
								"east": {"uv": [56.5, 13], "uv_size": [-1.5, 0.5]},
								"south": {"uv": [56, 51.5], "uv_size": [-0.5, 0.5]},
								"west": {"uv": [48.5, 51.5], "uv_size": [-1.5, 0.5]},
								"up": {"uv": [29, 55.5], "uv_size": [-0.5, 1.5]},
								"down": {"uv": [29.5, 57], "uv_size": [-0.5, -1.5]}
							}
						},
						{
							"origin": [-12.5, 11.00504, -24.34586],
							"size": [1, 1, 3],
							"pivot": [-12, 11.50504, -22.84586],
							"rotation": [22.5, 0, 0],
							"uv": {
								"north": {"uv": [56, 54], "uv_size": [-0.5, 0.5]},
								"east": {"uv": [31, 55.5], "uv_size": [-1.5, 0.5]},
								"south": {"uv": [56, 54.5], "uv_size": [-0.5, 0.5]},
								"west": {"uv": [57, 5.5], "uv_size": [-1.5, 0.5]},
								"up": {"uv": [56, 29.5], "uv_size": [-0.5, 1.5]},
								"down": {"uv": [31.5, 57], "uv_size": [-0.5, -1.5]}
							}
						},
						{
							"origin": [-12.5, 8.97875, -25.63012],
							"size": [1, 2.5, 1],
							"pivot": [-12, 9.97875, -25.13012],
							"rotation": [-45, 0, 0],
							"uv": {
								"north": {"uv": [56, 31], "uv_size": [-0.5, 1.5]},
								"east": {"uv": [56, 32.5], "uv_size": [-0.5, 1.5]},
								"south": {"uv": [32.5, 55.5], "uv_size": [-0.5, 1.5]},
								"west": {"uv": [32, 55.5], "uv_size": [-0.5, 1.5]},
								"up": {"uv": [56, 55], "uv_size": [-0.5, 0.5]},
								"down": {"uv": [56, 56], "uv_size": [-0.5, -0.5]}
							}
						},
						{
							"origin": [-12.5, 7.04803, -26.80287],
							"size": [1, 2.5, 1],
							"pivot": [-12, 8.04803, -26.30287],
							"rotation": [-22.5, 0, 0],
							"uv": {
								"north": {"uv": [56, 34], "uv_size": [-0.5, 1.5]},
								"east": {"uv": [47.5, 55.5], "uv_size": [-0.5, 1.5]},
								"south": {"uv": [56, 46], "uv_size": [-0.5, 1.5]},
								"west": {"uv": [56, 35.5], "uv_size": [-0.5, 1.5]},
								"up": {"uv": [0.5, 56], "uv_size": [-0.5, 0.5]},
								"down": {"uv": [56.5, 0.5], "uv_size": [-0.5, -0.5]}
							}
						}
					]
				}
			]
		}
	]
}