{
	"format_version": "1.12.0",
	"minecraft:geometry": [
		{
			"description": {
				"identifier": "geometry.car4",
				"texture_width": 256,
				"texture_height": 256,
				"visible_bounds_width": 5,
				"visible_bounds_height": 3.5,
				"visible_bounds_offset": [0, 1.25, 0]
			},
			"bones": [
				{
					"name": "root",
					"pivot": [0, 4, -4]
				},
				{
					"name": "bb_main",
					"parent": "root",
					"pivot": [0, 0, 0],
					"cubes": [
						{
							"origin": [-3, 26.51201, -3.27861],
							"size": [6, 3, 4],
							"uv": {
								"north": {"uv": [125, 161], "uv_size": [6, 3]},
								"east": {"uv": [168, 100], "uv_size": [4, 3]},
								"south": {"uv": [161, 125], "uv_size": [6, 3]},
								"west": {"uv": [101, 168], "uv_size": [4, 3]},
								"up": {"uv": [151, 28], "uv_size": [6, 4]},
								"down": {"uv": [151, 36], "uv_size": [6, -4]}
							}
						}
					]
				},
				{
					"name": "main",
					"parent": "root",
					"pivot": [0, 10, -7]
				},
				{
					"name": "front",
					"parent": "main",
					"pivot": [-1, 1, -36],
					"cubes": [
						{
							"origin": [-16, 3, -26],
							"size": [2, 12, 16],
							"uv": {
								"north": {"uv": [125, 149], "uv_size": [2, 12]},
								"east": {"uv": [108, 86], "uv_size": [16, 12]},
								"south": {"uv": [127, 149], "uv_size": [2, 12]},
								"west": {"uv": [23, 109], "uv_size": [16, 12]},
								"up": {"uv": [67, 143], "uv_size": [2, 16]},
								"down": {"uv": [69, 159], "uv_size": [2, -16]}
							}
						},
						{
							"origin": [14, 3, -26],
							"size": [2, 12, 16],
							"uv": {
								"north": {"uv": [129, 149], "uv_size": [2, 12]},
								"east": {"uv": [39, 110], "uv_size": [16, 12]},
								"south": {"uv": [131, 149], "uv_size": [2, 12]},
								"west": {"uv": [55, 110], "uv_size": [16, 12]},
								"up": {"uv": [5, 144], "uv_size": [2, 16]},
								"down": {"uv": [7, 160], "uv_size": [2, -16]}
							}
						},
						{
							"origin": [-14, 4, -26],
							"size": [28, 11, 1],
							"uv": {
								"north": {"uv": [52, 88], "uv_size": [28, 11]},
								"east": {"uv": [88, 142], "uv_size": [1, 11]},
								"south": {"uv": [80, 88], "uv_size": [28, 11]},
								"west": {"uv": [141, 150], "uv_size": [1, 11]},
								"up": {"uv": [148, 84], "uv_size": [28, 1]},
								"down": {"uv": [148, 109], "uv_size": [28, -1]}
							}
						},
						{
							"origin": [-16, 7, 15],
							"size": [32, 9, 14],
							"uv": {
								"north": {"uv": [90, 40], "uv_size": [32, 9]},
								"east": {"uv": [0, 120], "uv_size": [14, 9]},
								"south": {"uv": [90, 49], "uv_size": [32, 9]},
								"west": {"uv": [120, 77], "uv_size": [14, 9]},
								"up": {"uv": [60, 0], "uv_size": [32, 14]},
								"down": {"uv": [60, 28], "uv_size": [32, -14]}
							}
						},
						{
							"origin": [-16, 2.99763, 14.50643],
							"size": [32, 4, 10],
							"uv": {
								"north": {"uv": [112, 73], "uv_size": [32, 4]},
								"east": {"uv": [142, 144], "uv_size": [10, 4]},
								"south": {"uv": [114, 35], "uv_size": [32, 4]},
								"west": {"uv": [123, 145], "uv_size": [10, 4]},
								"up": {"uv": [28, 78], "uv_size": [32, 10]},
								"down": {"uv": [60, 88], "uv_size": [32, -10]}
							}
						},
						{
							"origin": [14, 4, -10],
							"size": [2, 11, 25],
							"uv": {
								"north": {"uv": [47, 152], "uv_size": [2, 11]},
								"east": {"uv": [0, 92], "uv_size": [25, 11]},
								"south": {"uv": [49, 152], "uv_size": [2, 11]},
								"west": {"uv": [92, 0], "uv_size": [25, 11]},
								"up": {"uv": [93, 141], "uv_size": [2, 25]},
								"down": {"uv": [95, 166], "uv_size": [2, -25]}
							}
						},
						{
							"origin": [-16, 4, -10],
							"size": [2, 11, 25],
							"uv": {
								"north": {"uv": [51, 152], "uv_size": [2, 11]},
								"east": {"uv": [92, 11], "uv_size": [25, 11]},
								"south": {"uv": [53, 152], "uv_size": [2, 11]},
								"west": {"uv": [52, 99], "uv_size": [25, 11]},
								"up": {"uv": [97, 141], "uv_size": [2, 25]},
								"down": {"uv": [99, 166], "uv_size": [2, -25]}
							}
						},
						{
							"origin": [13, 4, -10],
							"size": [2, 12, 26],
							"uv": {
								"north": {"uv": [76, 150], "uv_size": [2, 12]},
								"east": {"uv": [0, 80], "uv_size": [26, 12]},
								"south": {"uv": [78, 150], "uv_size": [2, 12]},
								"west": {"uv": [86, 66], "uv_size": [26, 12]},
								"up": {"uv": [89, 135], "uv_size": [2, 26]},
								"down": {"uv": [91, 161], "uv_size": [2, -26]}
							}
						},
						{
							"origin": [-15, 4, -10],
							"size": [2, 12, 26],
							"uv": {
								"north": {"uv": [80, 150], "uv_size": [2, 12]},
								"east": {"uv": [26, 88], "uv_size": [26, 12]},
								"south": {"uv": [82, 150], "uv_size": [2, 12]},
								"west": {"uv": [88, 28], "uv_size": [26, 12]},
								"up": {"uv": [9, 137], "uv_size": [2, 26]},
								"down": {"uv": [45, 166], "uv_size": [2, -26]}
							}
						},
						{
							"origin": [-15, 14, -25.9],
							"size": [30, 2, 16],
							"uv": {
								"north": {"uv": [133, 113], "uv_size": [30, 2]},
								"east": {"uv": [92, 86], "uv_size": [16, 2]},
								"south": {"uv": [133, 115], "uv_size": [30, 2]},
								"west": {"uv": [147, 123], "uv_size": [16, 2]},
								"up": {"uv": [30, 44], "uv_size": [30, 16]},
								"down": {"uv": [0, 68], "uv_size": [30, -16]}
							}
						},
						{
							"origin": [-14, 6, -11],
							"size": [28, 8, 1],
							"uv": {
								"north": {"uv": [90, 58], "uv_size": [28, 8]},
								"east": {"uv": [25, 92], "uv_size": [1, 8]},
								"south": {"uv": [92, 78], "uv_size": [28, 8]},
								"west": {"uv": [88, 153], "uv_size": [1, 8]},
								"up": {"uv": [148, 109], "uv_size": [28, 1]},
								"down": {"uv": [148, 111], "uv_size": [28, -1]}
							}
						},
						{
							"origin": [-15, 3.25, -32],
							"size": [30, 1, 22],
							"uv": {
								"north": {"uv": [142, 112], "uv_size": [30, 1]},
								"east": {"uv": [149, 72], "uv_size": [22, 1]},
								"south": {"uv": [143, 15], "uv_size": [30, 1]},
								"west": {"uv": [149, 73], "uv_size": [22, 1]},
								"up": {"uv": [30, 0], "uv_size": [30, 22]},
								"down": {"uv": [30, 44], "uv_size": [30, -22]}
							}
						},
						{
							"origin": [9.73223, 8, -34.06066],
							"size": [5, 7, 9],
							"inflate": -0.01,
							"pivot": [14.23223, 11.5, -27.06066],
							"rotation": [0, 45, 0],
							"uv": {
								"north": {"uv": [26, 147], "uv_size": [5, 7]},
								"east": {"uv": [135, 65], "uv_size": [9, 7]},
								"south": {"uv": [31, 147], "uv_size": [5, 7]},
								"west": {"uv": [71, 135], "uv_size": [9, 7]},
								"up": {"uv": [108, 142], "uv_size": [5, 9]},
								"down": {"uv": [113, 151], "uv_size": [5, -9]}
							}
						},
						{
							"origin": [9.73223, 5, -34.06066],
							"size": [5, 1, 9],
							"inflate": -0.01,
							"pivot": [14.23223, 11.5, -27.06066],
							"rotation": [0, 45, 0],
							"uv": {
								"north": {"uv": [138, 129], "uv_size": [5, 1]},
								"east": {"uv": [39, 109], "uv_size": [9, 1]},
								"south": {"uv": [141, 121], "uv_size": [5, 1]},
								"west": {"uv": [14, 120], "uv_size": [9, 1]},
								"up": {"uv": [118, 142], "uv_size": [5, 9]},
								"down": {"uv": [143, 15], "uv_size": [5, -9]}
							}
						},
						{
							"origin": [-14.73223, 8, -34.06066],
							"size": [5, 7, 9],
							"inflate": -0.01,
							"pivot": [-14.23223, 11.5, -27.06066],
							"rotation": [0, -45, 0],
							"uv": {
								"north": {"uv": [148, 6], "uv_size": [5, 7]},
								"east": {"uv": [80, 135], "uv_size": [9, 7]},
								"south": {"uv": [36, 148], "uv_size": [5, 7]},
								"west": {"uv": [135, 130], "uv_size": [9, 7]},
								"up": {"uv": [11, 143], "uv_size": [5, 9]},
								"down": {"uv": [62, 152], "uv_size": [5, -9]}
							}
						},
						{
							"origin": [-14.73223, 5, -34.06066],
							"size": [5, 1, 9],
							"inflate": -0.01,
							"pivot": [-14.23223, 11.5, -27.06066],
							"rotation": [0, -45, 0],
							"uv": {
								"north": {"uv": [169, 35], "uv_size": [5, 1]},
								"east": {"uv": [135, 72], "uv_size": [9, 1]},
								"south": {"uv": [169, 138], "uv_size": [5, 1]},
								"west": {"uv": [168, 19], "uv_size": [9, 1]},
								"up": {"uv": [0, 144], "uv_size": [5, 9]},
								"down": {"uv": [144, 74], "uv_size": [5, -9]}
							}
						},
						{
							"origin": [9.23223, 10, -33.06066],
							"size": [6, 4, 8],
							"inflate": -0.01,
							"pivot": [14.23223, 13.5, -27.06066],
							"rotation": [0, 45, 0],
							"uv": {
								"north": {"uv": [149, 68], "uv_size": [6, 4]},
								"east": {"uv": [147, 125], "uv_size": [8, 4]},
								"south": {"uv": [150, 51], "uv_size": [6, 4]},
								"west": {"uv": [148, 76], "uv_size": [8, 4]},
								"up": {"uv": [76, 142], "uv_size": [6, 8]},
								"down": {"uv": [142, 85], "uv_size": [6, -8]}
							}
						},
						{
							"origin": [-15.23223, 10, -33.06066],
							"size": [6, 4, 8],
							"inflate": -0.01,
							"pivot": [-14.23223, 13.5, -27.06066],
							"rotation": [0, -45, 0],
							"uv": {
								"north": {"uv": [101, 150], "uv_size": [6, 4]},
								"east": {"uv": [148, 80], "uv_size": [8, 4]},
								"south": {"uv": [135, 150], "uv_size": [6, 4]},
								"west": {"uv": [148, 104], "uv_size": [8, 4]},
								"up": {"uv": [82, 142], "uv_size": [6, 8]},
								"down": {"uv": [142, 112], "uv_size": [6, -8]}
							}
						},
						{
							"origin": [8.73223, 6, -32.96066],
							"size": [5, 10, 8],
							"inflate": -0.01,
							"pivot": [13.23223, 12.5, -26.96066],
							"rotation": [0, 45, 0],
							"uv": {
								"north": {"uv": [47, 142], "uv_size": [5, 10]},
								"east": {"uv": [25, 129], "uv_size": [8, 10]},
								"south": {"uv": [52, 142], "uv_size": [5, 10]},
								"west": {"uv": [33, 129], "uv_size": [8, 10]},
								"up": {"uv": [104, 125], "uv_size": [5, 8]},
								"down": {"uv": [16, 154], "uv_size": [5, -8]}
							}
						},
						{
							"origin": [-13.73223, 6, -32.96066],
							"size": [5, 10, 8],
							"inflate": -0.01,
							"pivot": [-13.23223, 12.5, -26.96066],
							"rotation": [0, -45, 0],
							"uv": {
								"north": {"uv": [57, 142], "uv_size": [5, 10]},
								"east": {"uv": [127, 130], "uv_size": [8, 10]},
								"south": {"uv": [71, 142], "uv_size": [5, 10]},
								"west": {"uv": [132, 95], "uv_size": [8, 10]},
								"up": {"uv": [21, 146], "uv_size": [5, 8]},
								"down": {"uv": [146, 36], "uv_size": [5, -8]}
							}
						},
						{
							"origin": [-9.375, 5.01, -32],
							"size": [18.75, 11, 6],
							"uv": {
								"north": {"uv": [77, 99], "uv_size": [19, 11]},
								"east": {"uv": [41, 129], "uv_size": [6, 11]},
								"south": {"uv": [96, 99], "uv_size": [19, 11]},
								"west": {"uv": [102, 133], "uv_size": [6, 11]},
								"up": {"uv": [122, 39], "uv_size": [19, 6]},
								"down": {"uv": [122, 51], "uv_size": [19, -6]}
							}
						},
						{
							"origin": [-8.5, 8, -32.36396],
							"size": [17, 7, 9],
							"uv": {
								"north": {"uv": [14, 121], "uv_size": [17, 7]},
								"east": {"uv": [11, 136], "uv_size": [9, 7]},
								"south": {"uv": [31, 122], "uv_size": [17, 7]},
								"west": {"uv": [0, 137], "uv_size": [9, 7]},
								"up": {"uv": [115, 98], "uv_size": [17, 9]},
								"down": {"uv": [71, 125], "uv_size": [17, -9]}
							}
						},
						{
							"origin": [-8.5, 5, -32.36396],
							"size": [17, 1, 9],
							"uv": {
								"north": {"uv": [118, 65], "uv_size": [17, 1]},
								"east": {"uv": [168, 49], "uv_size": [9, 1]},
								"south": {"uv": [124, 117], "uv_size": [17, 1]},
								"west": {"uv": [168, 60], "uv_size": [9, 1]},
								"up": {"uv": [117, 0], "uv_size": [17, 9]},
								"down": {"uv": [117, 18], "uv_size": [17, -9]}
							}
						},
						{
							"origin": [-9.5, 5, -32.36396],
							"size": [1, 10, 9],
							"uv": {
								"north": {"uv": [75, 152], "uv_size": [1, 10]},
								"east": {"uv": [124, 107], "uv_size": [9, 10]},
								"south": {"uv": [44, 167], "uv_size": [1, 10]},
								"west": {"uv": [66, 125], "uv_size": [9, 10]},
								"up": {"uv": [125, 168], "uv_size": [1, 9]},
								"down": {"uv": [126, 177], "uv_size": [1, -9]}
							}
						},
						{
							"origin": [8.5, 5, -32.36396],
							"size": [1, 10, 9],
							"uv": {
								"north": {"uv": [123, 168], "uv_size": [1, 10]},
								"east": {"uv": [75, 125], "uv_size": [9, 10]},
								"south": {"uv": [124, 168], "uv_size": [1, 10]},
								"west": {"uv": [84, 125], "uv_size": [9, 10]},
								"up": {"uv": [127, 168], "uv_size": [1, 9]},
								"down": {"uv": [128, 177], "uv_size": [1, -9]}
							}
						},
						{
							"origin": [-8.5, 8.5, -33.36396],
							"size": [17, 6, 1],
							"uv": {
								"north": {"uv": [124, 22], "uv_size": [17, 6]},
								"east": {"uv": [4, 153], "uv_size": [1, 6]},
								"south": {"uv": [124, 86], "uv_size": [17, 6]},
								"west": {"uv": [151, 170], "uv_size": [1, 6]},
								"up": {"uv": [153, 140], "uv_size": [17, 1]},
								"down": {"uv": [156, 84], "uv_size": [17, -1]}
							}
						},
						{
							"origin": [-16, 1.5, 24.79289],
							"size": [32, 6, 4],
							"pivot": [15.5, 7, 28.29289],
							"rotation": [-45, 0, 0],
							"uv": {
								"north": {"uv": [92, 22], "uv_size": [32, 6]},
								"east": {"uv": [48, 100], "uv_size": [4, 6]},
								"south": {"uv": [71, 110], "uv_size": [32, 6]},
								"west": {"uv": [84, 150], "uv_size": [4, 6]},
								"up": {"uv": [117, 18], "uv_size": [32, 4]},
								"down": {"uv": [109, 122], "uv_size": [32, -4]}
							}
						}
					]
				},
				{
					"name": "bone",
					"parent": "front",
					"pivot": [0, 8.29823, 31.82087],
					"rotation": [5, 0, 0]
				},
				{
					"name": "wheel4",
					"parent": "front",
					"pivot": [15.0605, 5.54416, -15.11382],
					"cubes": [
						{
							"origin": [13.10221, 9.02556, -16.20732],
							"size": [3.888, 2.016, 2.187],
							"uv": {
								"north": {"uv": [168, 150], "uv_size": [4, 2]},
								"east": {"uv": [55, 175], "uv_size": [2, 2]},
								"south": {"uv": [168, 152], "uv_size": [4, 2]},
								"west": {"uv": [57, 175], "uv_size": [2, 2]},
								"up": {"uv": [168, 154], "uv_size": [4, 2]},
								"down": {"uv": [169, 24], "uv_size": [4, -2]}
							}
						},
						{
							"origin": [13.10221, 8.35561, -14.54027],
							"size": [3.888, 2.016, 2.187],
							"pivot": [16.99021, 9.39961, -12.59627],
							"rotation": [-22.5, 0, 0],
							"uv": {
								"north": {"uv": [169, 24], "uv_size": [4, 2]},
								"east": {"uv": [59, 175], "uv_size": [2, 2]},
								"south": {"uv": [169, 26], "uv_size": [4, 2]},
								"west": {"uv": [61, 175], "uv_size": [2, 2]},
								"up": {"uv": [34, 169], "uv_size": [4, 2]},
								"down": {"uv": [169, 41], "uv_size": [4, -2]}
							}
						},
						{
							"origin": [13.10221, 7.09871, -13.25649],
							"size": [3.888, 2.016, 2.187],
							"pivot": [16.99021, 8.14271, -11.31249],
							"rotation": [-45, 0, 0],
							"uv": {
								"north": {"uv": [169, 58], "uv_size": [4, 2]},
								"east": {"uv": [67, 175], "uv_size": [2, 2]},
								"south": {"uv": [169, 68], "uv_size": [4, 2]},
								"west": {"uv": [69, 175], "uv_size": [2, 2]},
								"up": {"uv": [169, 70], "uv_size": [4, 2]},
								"down": {"uv": [77, 171], "uv_size": [4, -2]}
							}
						},
						{
							"origin": [13.10221, 6.2472, -11.65143],
							"size": [3.888, 2.187, 2.016],
							"pivot": [16.99021, 6.4902, -10.60743],
							"rotation": [22.5, 0, 0],
							"uv": {
								"north": {"uv": [93, 169], "uv_size": [4, 2]},
								"east": {"uv": [71, 175], "uv_size": [2, 2]},
								"south": {"uv": [97, 169], "uv_size": [4, 2]},
								"west": {"uv": [175, 72], "uv_size": [2, 2]},
								"up": {"uv": [169, 98], "uv_size": [4, 2]},
								"down": {"uv": [169, 138], "uv_size": [4, -2]}
							}
						},
						{
							"origin": [13.10221, 1.02107, -14.66385],
							"size": [3.888, 2.016, 2.187],
							"pivot": [16.50421, 2.15152, -11.89301],
							"rotation": [22.5, 0, 0],
							"uv": {
								"north": {"uv": [169, 163], "uv_size": [4, 2]},
								"east": {"uv": [73, 175], "uv_size": [2, 2]},
								"south": {"uv": [169, 165], "uv_size": [4, 2]},
								"west": {"uv": [75, 175], "uv_size": [2, 2]},
								"up": {"uv": [169, 167], "uv_size": [4, 2]},
								"down": {"uv": [169, 171], "uv_size": [4, -2]}
							}
						},
						{
							"origin": [13.10221, 1.10835, -12.91621],
							"size": [3.888, 2.187, 2.016],
							"pivot": [16.50421, 2.32335, -11.72118],
							"rotation": [-45, 0, 0],
							"uv": {
								"north": {"uv": [0, 170], "uv_size": [4, 2]},
								"east": {"uv": [77, 175], "uv_size": [2, 2]},
								"south": {"uv": [170, 0], "uv_size": [4, 2]},
								"west": {"uv": [79, 175], "uv_size": [2, 2]},
								"up": {"uv": [170, 2], "uv_size": [4, 2]},
								"down": {"uv": [170, 6], "uv_size": [4, -2]}
							}
						},
						{
							"origin": [13.10221, 2.88869, -12.51374],
							"size": [3.888, 2.187, 2.016],
							"pivot": [16.50421, 2.54785, -11.62819],
							"rotation": [-22.5, 0, 0],
							"uv": {
								"north": {"uv": [170, 6], "uv_size": [4, 2]},
								"east": {"uv": [81, 175], "uv_size": [2, 2]},
								"south": {"uv": [170, 8], "uv_size": [4, 2]},
								"west": {"uv": [83, 175], "uv_size": [2, 2]},
								"up": {"uv": [170, 10], "uv_size": [4, 2]},
								"down": {"uv": [170, 30], "uv_size": [4, -2]}
							}
						},
						{
							"origin": [13.10221, 4.45067, -11.63243],
							"size": [3.888, 2.187, 2.016],
							"uv": {
								"north": {"uv": [40, 170], "uv_size": [4, 2]},
								"east": {"uv": [85, 175], "uv_size": [2, 2]},
								"south": {"uv": [47, 170], "uv_size": [4, 2]},
								"west": {"uv": [175, 85], "uv_size": [2, 2]},
								"up": {"uv": [51, 170], "uv_size": [4, 2]},
								"down": {"uv": [170, 56], "uv_size": [4, -2]}
							}
						},
						{
							"origin": [13.10221, 7.2049, -18.93213],
							"size": [3.888, 2.016, 2.187],
							"pivot": [16.50421, 7.92297, -18.67395],
							"rotation": [45, 0, 0],
							"uv": {
								"north": {"uv": [55, 170], "uv_size": [4, 2]},
								"east": {"uv": [87, 175], "uv_size": [2, 2]},
								"south": {"uv": [59, 170], "uv_size": [4, 2]},
								"west": {"uv": [89, 175], "uv_size": [2, 2]},
								"up": {"uv": [63, 170], "uv_size": [4, 2]},
								"down": {"uv": [71, 172], "uv_size": [4, -2]}
							}
						},
						{
							"origin": [13.10221, 7.92307, -17.44133],
							"size": [3.888, 2.016, 2.187],
							"pivot": [16.50421, 8.09479, -18.50213],
							"rotation": [22.5, 0, 0],
							"uv": {
								"north": {"uv": [170, 80], "uv_size": [4, 2]},
								"east": {"uv": [91, 175], "uv_size": [2, 2]},
								"south": {"uv": [81, 170], "uv_size": [4, 2]},
								"west": {"uv": [93, 175], "uv_size": [2, 2]},
								"up": {"uv": [85, 170], "uv_size": [4, 2]},
								"down": {"uv": [170, 105], "uv_size": [4, -2]}
							}
						},
						{
							"origin": [13.10221, 6.01264, -20.06488],
							"size": [3.888, 2.187, 2.016],
							"pivot": [16.50421, 7.69847, -18.76695],
							"rotation": [-22.5, 0, 0],
							"uv": {
								"north": {"uv": [170, 105], "uv_size": [4, 2]},
								"east": {"uv": [95, 175], "uv_size": [2, 2]},
								"south": {"uv": [107, 170], "uv_size": [4, 2]},
								"west": {"uv": [97, 175], "uv_size": [2, 2]},
								"up": {"uv": [111, 170], "uv_size": [4, 2]},
								"down": {"uv": [115, 172], "uv_size": [4, -2]}
							}
						},
						{
							"origin": [13.10221, 4.45066, -20.61122],
							"size": [3.888, 2.187, 2.016],
							"uv": {
								"north": {"uv": [119, 170], "uv_size": [4, 2]},
								"east": {"uv": [99, 175], "uv_size": [2, 2]},
								"south": {"uv": [170, 123], "uv_size": [4, 2]},
								"west": {"uv": [105, 175], "uv_size": [2, 2]},
								"up": {"uv": [131, 170], "uv_size": [4, 2]},
								"down": {"uv": [135, 172], "uv_size": [4, -2]}
							}
						},
						{
							"origin": [13.10221, 3.21666, -19.50873],
							"size": [3.888, 2.187, 2.016],
							"pivot": [16.50421, 2.15586, -17.66445],
							"rotation": [22.5, 0, 0],
							"uv": {
								"north": {"uv": [141, 170], "uv_size": [4, 2]},
								"east": {"uv": [107, 175], "uv_size": [2, 2]},
								"south": {"uv": [145, 170], "uv_size": [4, 2]},
								"west": {"uv": [109, 175], "uv_size": [2, 2]},
								"up": {"uv": [160, 170], "uv_size": [4, 2]},
								"down": {"uv": [164, 172], "uv_size": [4, -2]}
							}
						},
						{
							"origin": [13.10221, 1.72586, -18.79056],
							"size": [3.888, 2.187, 2.016],
							"pivot": [16.50421, 1.98403, -17.49263],
							"rotation": [45, 0, 0],
							"uv": {
								"north": {"uv": [5, 171], "uv_size": [4, 2]},
								"east": {"uv": [111, 175], "uv_size": [2, 2]},
								"south": {"uv": [9, 171], "uv_size": [4, 2]},
								"west": {"uv": [113, 175], "uv_size": [2, 2]},
								"up": {"uv": [13, 171], "uv_size": [4, 2]},
								"down": {"uv": [17, 173], "uv_size": [4, -2]}
							}
						},
						{
							"origin": [13.10221, 0.59311, -17.7693],
							"size": [3.888, 2.016, 2.187],
							"pivot": [16.50421, 1.89104, -17.26812],
							"rotation": [-22.5, 0, 0],
							"uv": {
								"north": {"uv": [21, 171], "uv_size": [4, 2]},
								"east": {"uv": [115, 175], "uv_size": [2, 2]},
								"south": {"uv": [171, 30], "uv_size": [4, 2]},
								"west": {"uv": [117, 175], "uv_size": [2, 2]},
								"up": {"uv": [34, 171], "uv_size": [4, 2]},
								"down": {"uv": [171, 53], "uv_size": [4, -2]}
							}
						},
						{
							"origin": [13.10221, 0.04677, -16.20732],
							"size": [3.888, 2.016, 2.187],
							"uv": {
								"north": {"uv": [67, 171], "uv_size": [4, 2]},
								"east": {"uv": [119, 175], "uv_size": [2, 2]},
								"south": {"uv": [171, 72], "uv_size": [4, 2]},
								"west": {"uv": [131, 175], "uv_size": [2, 2]},
								"up": {"uv": [77, 171], "uv_size": [4, 2]},
								"down": {"uv": [171, 87], "uv_size": [4, -2]}
							}
						},
						{
							"origin": [14.80321, 1.72816, -18.92982],
							"size": [0.972, 7.632, 7.632],
							"uv": {
								"north": {"uv": [154, 169], "uv_size": [1, 7.5]},
								"east": {"uv": [29, 139], "uv_size": [7.5, 7.5]},
								"south": {"uv": [155, 169], "uv_size": [1, 7.5]},
								"west": {"uv": [37, 140], "uv_size": [7.5, 7.5]},
								"up": {"uv": [149, 170], "uv_size": [1, 7.5]},
								"down": {"uv": [150, 177.5], "uv_size": [1, -7.5]}
							}
						}
					]
				},
				{
					"name": "wheel",
					"parent": "front",
					"pivot": [-15.0605, 5.54416, -15.11382],
					"cubes": [
						{
							"origin": [-16.99021, 9.02556, -16.20732],
							"size": [3.888, 2.016, 2.187],
							"uv": {
								"north": {"uv": [172, 150], "uv_size": [-4, 2]},
								"east": {"uv": [59, 175], "uv_size": [-2, 2]},
								"south": {"uv": [172, 152], "uv_size": [-4, 2]},
								"west": {"uv": [57, 175], "uv_size": [-2, 2]},
								"up": {"uv": [172, 154], "uv_size": [-4, 2]},
								"down": {"uv": [173, 24], "uv_size": [-4, -2]}
							}
						},
						{
							"origin": [-16.99021, 8.35561, -14.54027],
							"size": [3.888, 2.016, 2.187],
							"pivot": [-16.99021, 9.39961, -12.59627],
							"rotation": [-22.5, 0, 0],
							"uv": {
								"north": {"uv": [173, 24], "uv_size": [-4, 2]},
								"east": {"uv": [63, 175], "uv_size": [-2, 2]},
								"south": {"uv": [173, 26], "uv_size": [-4, 2]},
								"west": {"uv": [61, 175], "uv_size": [-2, 2]},
								"up": {"uv": [38, 169], "uv_size": [-4, 2]},
								"down": {"uv": [173, 41], "uv_size": [-4, -2]}
							}
						},
						{
							"origin": [-16.99021, 7.09871, -13.25649],
							"size": [3.888, 2.016, 2.187],
							"pivot": [-16.99021, 8.14271, -11.31249],
							"rotation": [-45, 0, 0],
							"uv": {
								"north": {"uv": [173, 58], "uv_size": [-4, 2]},
								"east": {"uv": [71, 175], "uv_size": [-2, 2]},
								"south": {"uv": [173, 68], "uv_size": [-4, 2]},
								"west": {"uv": [69, 175], "uv_size": [-2, 2]},
								"up": {"uv": [173, 70], "uv_size": [-4, 2]},
								"down": {"uv": [81, 171], "uv_size": [-4, -2]}
							}
						},
						{
							"origin": [-16.99021, 6.2472, -11.65143],
							"size": [3.888, 2.187, 2.016],
							"pivot": [-16.99021, 6.4902, -10.60743],
							"rotation": [22.5, 0, 0],
							"uv": {
								"north": {"uv": [97, 169], "uv_size": [-4, 2]},
								"east": {"uv": [177, 72], "uv_size": [-2, 2]},
								"south": {"uv": [101, 169], "uv_size": [-4, 2]},
								"west": {"uv": [73, 175], "uv_size": [-2, 2]},
								"up": {"uv": [173, 98], "uv_size": [-4, 2]},
								"down": {"uv": [173, 138], "uv_size": [-4, -2]}
							}
						},
						{
							"origin": [-16.99021, 1.02107, -14.66385],
							"size": [3.888, 2.016, 2.187],
							"pivot": [-16.50421, 2.15152, -11.89301],
							"rotation": [22.5, 0, 0],
							"uv": {
								"north": {"uv": [173, 163], "uv_size": [-4, 2]},
								"east": {"uv": [77, 175], "uv_size": [-2, 2]},
								"south": {"uv": [173, 165], "uv_size": [-4, 2]},
								"west": {"uv": [75, 175], "uv_size": [-2, 2]},
								"up": {"uv": [173, 167], "uv_size": [-4, 2]},
								"down": {"uv": [173, 171], "uv_size": [-4, -2]}
							}
						},
						{
							"origin": [-16.99021, 1.10835, -12.91621],
							"size": [3.888, 2.187, 2.016],
							"pivot": [-16.50421, 2.32335, -11.72118],
							"rotation": [-45, 0, 0],
							"uv": {
								"north": {"uv": [4, 170], "uv_size": [-4, 2]},
								"east": {"uv": [81, 175], "uv_size": [-2, 2]},
								"south": {"uv": [174, 0], "uv_size": [-4, 2]},
								"west": {"uv": [79, 175], "uv_size": [-2, 2]},
								"up": {"uv": [174, 2], "uv_size": [-4, 2]},
								"down": {"uv": [174, 6], "uv_size": [-4, -2]}
							}
						},
						{
							"origin": [-16.99021, 2.88869, -12.51374],
							"size": [3.888, 2.187, 2.016],
							"pivot": [-16.50421, 2.54785, -11.62819],
							"rotation": [-22.5, 0, 0],
							"uv": {
								"north": {"uv": [174, 6], "uv_size": [-4, 2]},
								"east": {"uv": [85, 175], "uv_size": [-2, 2]},
								"south": {"uv": [174, 8], "uv_size": [-4, 2]},
								"west": {"uv": [83, 175], "uv_size": [-2, 2]},
								"up": {"uv": [174, 10], "uv_size": [-4, 2]},
								"down": {"uv": [174, 30], "uv_size": [-4, -2]}
							}
						},
						{
							"origin": [-16.99021, 4.45067, -11.63243],
							"size": [3.888, 2.187, 2.016],
							"uv": {
								"north": {"uv": [44, 170], "uv_size": [-4, 2]},
								"east": {"uv": [177, 85], "uv_size": [-2, 2]},
								"south": {"uv": [51, 170], "uv_size": [-4, 2]},
								"west": {"uv": [87, 175], "uv_size": [-2, 2]},
								"up": {"uv": [55, 170], "uv_size": [-4, 2]},
								"down": {"uv": [174, 56], "uv_size": [-4, -2]}
							}
						},
						{
							"origin": [-16.99021, 7.2049, -18.93213],
							"size": [3.888, 2.016, 2.187],
							"pivot": [-16.50421, 7.92297, -18.67395],
							"rotation": [45, 0, 0],
							"uv": {
								"north": {"uv": [59, 170], "uv_size": [-4, 2]},
								"east": {"uv": [91, 175], "uv_size": [-2, 2]},
								"south": {"uv": [63, 170], "uv_size": [-4, 2]},
								"west": {"uv": [89, 175], "uv_size": [-2, 2]},
								"up": {"uv": [67, 170], "uv_size": [-4, 2]},
								"down": {"uv": [75, 172], "uv_size": [-4, -2]}
							}
						},
						{
							"origin": [-16.99021, 7.92307, -17.44133],
							"size": [3.888, 2.016, 2.187],
							"pivot": [-16.50421, 8.09479, -18.50213],
							"rotation": [22.5, 0, 0],
							"uv": {
								"north": {"uv": [174, 80], "uv_size": [-4, 2]},
								"east": {"uv": [95, 175], "uv_size": [-2, 2]},
								"south": {"uv": [85, 170], "uv_size": [-4, 2]},
								"west": {"uv": [93, 175], "uv_size": [-2, 2]},
								"up": {"uv": [89, 170], "uv_size": [-4, 2]},
								"down": {"uv": [174, 105], "uv_size": [-4, -2]}
							}
						},
						{
							"origin": [-16.99021, 6.01264, -20.06488],
							"size": [3.888, 2.187, 2.016],
							"pivot": [-16.50421, 7.69847, -18.76695],
							"rotation": [-22.5, 0, 0],
							"uv": {
								"north": {"uv": [174, 105], "uv_size": [-4, 2]},
								"east": {"uv": [99, 175], "uv_size": [-2, 2]},
								"south": {"uv": [111, 170], "uv_size": [-4, 2]},
								"west": {"uv": [97, 175], "uv_size": [-2, 2]},
								"up": {"uv": [115, 170], "uv_size": [-4, 2]},
								"down": {"uv": [119, 172], "uv_size": [-4, -2]}
							}
						},
						{
							"origin": [-16.99021, 4.45066, -20.61122],
							"size": [3.888, 2.187, 2.016],
							"uv": {
								"north": {"uv": [123, 170], "uv_size": [-4, 2]},
								"east": {"uv": [107, 175], "uv_size": [-2, 2]},
								"south": {"uv": [174, 123], "uv_size": [-4, 2]},
								"west": {"uv": [101, 175], "uv_size": [-2, 2]},
								"up": {"uv": [135, 170], "uv_size": [-4, 2]},
								"down": {"uv": [139, 172], "uv_size": [-4, -2]}
							}
						},
						{
							"origin": [-16.99021, 3.21666, -19.50873],
							"size": [3.888, 2.187, 2.016],
							"pivot": [-16.50421, 2.15586, -17.66445],
							"rotation": [22.5, 0, 0],
							"uv": {
								"north": {"uv": [145, 170], "uv_size": [-4, 2]},
								"east": {"uv": [111, 175], "uv_size": [-2, 2]},
								"south": {"uv": [149, 170], "uv_size": [-4, 2]},
								"west": {"uv": [109, 175], "uv_size": [-2, 2]},
								"up": {"uv": [164, 170], "uv_size": [-4, 2]},
								"down": {"uv": [168, 172], "uv_size": [-4, -2]}
							}
						},
						{
							"origin": [-16.99021, 1.72586, -18.79056],
							"size": [3.888, 2.187, 2.016],
							"pivot": [-16.50421, 1.98403, -17.49263],
							"rotation": [45, 0, 0],
							"uv": {
								"north": {"uv": [9, 171], "uv_size": [-4, 2]},
								"east": {"uv": [115, 175], "uv_size": [-2, 2]},
								"south": {"uv": [13, 171], "uv_size": [-4, 2]},
								"west": {"uv": [113, 175], "uv_size": [-2, 2]},
								"up": {"uv": [17, 171], "uv_size": [-4, 2]},
								"down": {"uv": [21, 173], "uv_size": [-4, -2]}
							}
						},
						{
							"origin": [-16.99021, 0.59311, -17.7693],
							"size": [3.888, 2.016, 2.187],
							"pivot": [-16.50421, 1.89104, -17.26812],
							"rotation": [-22.5, 0, 0],
							"uv": {
								"north": {"uv": [25, 171], "uv_size": [-4, 2]},
								"east": {"uv": [119, 175], "uv_size": [-2, 2]},
								"south": {"uv": [175, 30], "uv_size": [-4, 2]},
								"west": {"uv": [117, 175], "uv_size": [-2, 2]},
								"up": {"uv": [38, 171], "uv_size": [-4, 2]},
								"down": {"uv": [175, 53], "uv_size": [-4, -2]}
							}
						},
						{
							"origin": [-16.99021, 0.04677, -16.20732],
							"size": [3.888, 2.016, 2.187],
							"uv": {
								"north": {"uv": [71, 171], "uv_size": [-4, 2]},
								"east": {"uv": [133, 175], "uv_size": [-2, 2]},
								"south": {"uv": [175, 72], "uv_size": [-4, 2]},
								"west": {"uv": [121, 175], "uv_size": [-2, 2]},
								"up": {"uv": [81, 171], "uv_size": [-4, 2]},
								"down": {"uv": [175, 87], "uv_size": [-4, -2]}
							}
						},
						{
							"origin": [-15.77521, 1.72816, -18.92982],
							"size": [0.972, 7.632, 7.632],
							"uv": {
								"north": {"uv": [155, 169], "uv_size": [-1, 7.5]},
								"east": {"uv": [44.5, 140], "uv_size": [-7.5, 7.5]},
								"south": {"uv": [156, 169], "uv_size": [-1, 7.5]},
								"west": {"uv": [36.5, 139], "uv_size": [-7.5, 7.5]},
								"up": {"uv": [150, 170], "uv_size": [-1, 7.5]},
								"down": {"uv": [151, 177.5], "uv_size": [-1, -7.5]}
							}
						}
					]
				},
				{
					"name": "wheel3",
					"parent": "front",
					"pivot": [15.0605, 5.54416, 16.88618],
					"cubes": [
						{
							"origin": [13.10221, 9.02556, 15.79268],
							"size": [3.888, 2.016, 2.187],
							"uv": {
								"north": {"uv": [168, 150], "uv_size": [4, 2]},
								"east": {"uv": [55, 175], "uv_size": [2, 2]},
								"south": {"uv": [168, 152], "uv_size": [4, 2]},
								"west": {"uv": [57, 175], "uv_size": [2, 2]},
								"up": {"uv": [168, 154], "uv_size": [4, 2]},
								"down": {"uv": [169, 24], "uv_size": [4, -2]}
							}
						},
						{
							"origin": [13.10221, 8.35561, 17.45973],
							"size": [3.888, 2.016, 2.187],
							"pivot": [16.99021, 9.39961, 19.40373],
							"rotation": [-22.5, 0, 0],
							"uv": {
								"north": {"uv": [169, 24], "uv_size": [4, 2]},
								"east": {"uv": [59, 175], "uv_size": [2, 2]},
								"south": {"uv": [169, 26], "uv_size": [4, 2]},
								"west": {"uv": [61, 175], "uv_size": [2, 2]},
								"up": {"uv": [34, 169], "uv_size": [4, 2]},
								"down": {"uv": [169, 41], "uv_size": [4, -2]}
							}
						},
						{
							"origin": [13.10221, 7.09871, 18.74351],
							"size": [3.888, 2.016, 2.187],
							"pivot": [16.99021, 8.14271, 20.68751],
							"rotation": [-45, 0, 0],
							"uv": {
								"north": {"uv": [169, 58], "uv_size": [4, 2]},
								"east": {"uv": [67, 175], "uv_size": [2, 2]},
								"south": {"uv": [169, 68], "uv_size": [4, 2]},
								"west": {"uv": [69, 175], "uv_size": [2, 2]},
								"up": {"uv": [169, 70], "uv_size": [4, 2]},
								"down": {"uv": [77, 171], "uv_size": [4, -2]}
							}
						},
						{
							"origin": [13.10221, 6.2472, 20.34857],
							"size": [3.888, 2.187, 2.016],
							"pivot": [16.99021, 6.4902, 21.39257],
							"rotation": [22.5, 0, 0],
							"uv": {
								"north": {"uv": [93, 169], "uv_size": [4, 2]},
								"east": {"uv": [71, 175], "uv_size": [2, 2]},
								"south": {"uv": [97, 169], "uv_size": [4, 2]},
								"west": {"uv": [175, 72], "uv_size": [2, 2]},
								"up": {"uv": [169, 98], "uv_size": [4, 2]},
								"down": {"uv": [169, 138], "uv_size": [4, -2]}
							}
						},
						{
							"origin": [13.10221, 1.02107, 17.33615],
							"size": [3.888, 2.016, 2.187],
							"pivot": [16.50421, 2.15152, 20.10699],
							"rotation": [22.5, 0, 0],
							"uv": {
								"north": {"uv": [169, 163], "uv_size": [4, 2]},
								"east": {"uv": [73, 175], "uv_size": [2, 2]},
								"south": {"uv": [169, 165], "uv_size": [4, 2]},
								"west": {"uv": [75, 175], "uv_size": [2, 2]},
								"up": {"uv": [169, 167], "uv_size": [4, 2]},
								"down": {"uv": [169, 171], "uv_size": [4, -2]}
							}
						},
						{
							"origin": [13.10221, 1.10835, 19.08379],
							"size": [3.888, 2.187, 2.016],
							"pivot": [16.50421, 2.32335, 20.27882],
							"rotation": [-45, 0, 0],
							"uv": {
								"north": {"uv": [0, 170], "uv_size": [4, 2]},
								"east": {"uv": [77, 175], "uv_size": [2, 2]},
								"south": {"uv": [170, 0], "uv_size": [4, 2]},
								"west": {"uv": [79, 175], "uv_size": [2, 2]},
								"up": {"uv": [170, 2], "uv_size": [4, 2]},
								"down": {"uv": [170, 6], "uv_size": [4, -2]}
							}
						},
						{
							"origin": [13.10221, 2.88869, 19.48626],
							"size": [3.888, 2.187, 2.016],
							"pivot": [16.50421, 2.54785, 20.37181],
							"rotation": [-22.5, 0, 0],
							"uv": {
								"north": {"uv": [170, 6], "uv_size": [4, 2]},
								"east": {"uv": [81, 175], "uv_size": [2, 2]},
								"south": {"uv": [170, 8], "uv_size": [4, 2]},
								"west": {"uv": [83, 175], "uv_size": [2, 2]},
								"up": {"uv": [170, 10], "uv_size": [4, 2]},
								"down": {"uv": [170, 30], "uv_size": [4, -2]}
							}
						},
						{
							"origin": [13.10221, 4.45067, 20.36757],
							"size": [3.888, 2.187, 2.016],
							"uv": {
								"north": {"uv": [40, 170], "uv_size": [4, 2]},
								"east": {"uv": [85, 175], "uv_size": [2, 2]},
								"south": {"uv": [47, 170], "uv_size": [4, 2]},
								"west": {"uv": [175, 85], "uv_size": [2, 2]},
								"up": {"uv": [51, 170], "uv_size": [4, 2]},
								"down": {"uv": [170, 56], "uv_size": [4, -2]}
							}
						},
						{
							"origin": [13.10221, 7.2049, 13.06787],
							"size": [3.888, 2.016, 2.187],
							"pivot": [16.50421, 7.92297, 13.32605],
							"rotation": [45, 0, 0],
							"uv": {
								"north": {"uv": [55, 170], "uv_size": [4, 2]},
								"east": {"uv": [87, 175], "uv_size": [2, 2]},
								"south": {"uv": [59, 170], "uv_size": [4, 2]},
								"west": {"uv": [89, 175], "uv_size": [2, 2]},
								"up": {"uv": [63, 170], "uv_size": [4, 2]},
								"down": {"uv": [71, 172], "uv_size": [4, -2]}
							}
						},
						{
							"origin": [13.10221, 7.92307, 14.55867],
							"size": [3.888, 2.016, 2.187],
							"pivot": [16.50421, 8.09479, 13.49787],
							"rotation": [22.5, 0, 0],
							"uv": {
								"north": {"uv": [170, 80], "uv_size": [4, 2]},
								"east": {"uv": [91, 175], "uv_size": [2, 2]},
								"south": {"uv": [81, 170], "uv_size": [4, 2]},
								"west": {"uv": [93, 175], "uv_size": [2, 2]},
								"up": {"uv": [85, 170], "uv_size": [4, 2]},
								"down": {"uv": [170, 105], "uv_size": [4, -2]}
							}
						},
						{
							"origin": [13.10221, 6.01264, 11.93512],
							"size": [3.888, 2.187, 2.016],
							"pivot": [16.50421, 7.69847, 13.23305],
							"rotation": [-22.5, 0, 0],
							"uv": {
								"north": {"uv": [170, 105], "uv_size": [4, 2]},
								"east": {"uv": [95, 175], "uv_size": [2, 2]},
								"south": {"uv": [107, 170], "uv_size": [4, 2]},
								"west": {"uv": [97, 175], "uv_size": [2, 2]},
								"up": {"uv": [111, 170], "uv_size": [4, 2]},
								"down": {"uv": [115, 172], "uv_size": [4, -2]}
							}
						},
						{
							"origin": [13.10221, 4.45066, 11.38878],
							"size": [3.888, 2.187, 2.016],
							"uv": {
								"north": {"uv": [119, 170], "uv_size": [4, 2]},
								"east": {"uv": [99, 175], "uv_size": [2, 2]},
								"south": {"uv": [170, 123], "uv_size": [4, 2]},
								"west": {"uv": [105, 175], "uv_size": [2, 2]},
								"up": {"uv": [131, 170], "uv_size": [4, 2]},
								"down": {"uv": [135, 172], "uv_size": [4, -2]}
							}
						},
						{
							"origin": [13.10221, 3.21666, 12.49127],
							"size": [3.888, 2.187, 2.016],
							"pivot": [16.50421, 2.15586, 14.33555],
							"rotation": [22.5, 0, 0],
							"uv": {
								"north": {"uv": [141, 170], "uv_size": [4, 2]},
								"east": {"uv": [107, 175], "uv_size": [2, 2]},
								"south": {"uv": [145, 170], "uv_size": [4, 2]},
								"west": {"uv": [109, 175], "uv_size": [2, 2]},
								"up": {"uv": [160, 170], "uv_size": [4, 2]},
								"down": {"uv": [164, 172], "uv_size": [4, -2]}
							}
						},
						{
							"origin": [13.10221, 1.72586, 13.20944],
							"size": [3.888, 2.187, 2.016],
							"pivot": [16.50421, 1.98403, 14.50737],
							"rotation": [45, 0, 0],
							"uv": {
								"north": {"uv": [5, 171], "uv_size": [4, 2]},
								"east": {"uv": [111, 175], "uv_size": [2, 2]},
								"south": {"uv": [9, 171], "uv_size": [4, 2]},
								"west": {"uv": [113, 175], "uv_size": [2, 2]},
								"up": {"uv": [13, 171], "uv_size": [4, 2]},
								"down": {"uv": [17, 173], "uv_size": [4, -2]}
							}
						},
						{
							"origin": [13.10221, 0.59311, 14.2307],
							"size": [3.888, 2.016, 2.187],
							"pivot": [16.50421, 1.89104, 14.73188],
							"rotation": [-22.5, 0, 0],
							"uv": {
								"north": {"uv": [21, 171], "uv_size": [4, 2]},
								"east": {"uv": [115, 175], "uv_size": [2, 2]},
								"south": {"uv": [171, 30], "uv_size": [4, 2]},
								"west": {"uv": [117, 175], "uv_size": [2, 2]},
								"up": {"uv": [34, 171], "uv_size": [4, 2]},
								"down": {"uv": [171, 53], "uv_size": [4, -2]}
							}
						},
						{
							"origin": [13.10221, 0.04677, 15.79268],
							"size": [3.888, 2.016, 2.187],
							"uv": {
								"north": {"uv": [67, 171], "uv_size": [4, 2]},
								"east": {"uv": [119, 175], "uv_size": [2, 2]},
								"south": {"uv": [171, 72], "uv_size": [4, 2]},
								"west": {"uv": [131, 175], "uv_size": [2, 2]},
								"up": {"uv": [77, 171], "uv_size": [4, 2]},
								"down": {"uv": [171, 87], "uv_size": [4, -2]}
							}
						},
						{
							"origin": [14.80321, 1.72816, 13.07018],
							"size": [0.972, 7.632, 7.632],
							"uv": {
								"north": {"uv": [154, 169], "uv_size": [1, 7.5]},
								"east": {"uv": [29, 139], "uv_size": [7.5, 7.5]},
								"south": {"uv": [155, 169], "uv_size": [1, 7.5]},
								"west": {"uv": [37, 140], "uv_size": [7.5, 7.5]},
								"up": {"uv": [149, 170], "uv_size": [1, 7.5]},
								"down": {"uv": [150, 177.5], "uv_size": [1, -7.5]}
							}
						}
					]
				},
				{
					"name": "wheel2",
					"parent": "front",
					"pivot": [-15.0605, 5.54416, 16.88618],
					"cubes": [
						{
							"origin": [-16.99021, 9.02556, 15.79268],
							"size": [3.888, 2.016, 2.187],
							"uv": {
								"north": {"uv": [172, 150], "uv_size": [-4, 2]},
								"east": {"uv": [59, 175], "uv_size": [-2, 2]},
								"south": {"uv": [172, 152], "uv_size": [-4, 2]},
								"west": {"uv": [57, 175], "uv_size": [-2, 2]},
								"up": {"uv": [172, 154], "uv_size": [-4, 2]},
								"down": {"uv": [173, 24], "uv_size": [-4, -2]}
							}
						},
						{
							"origin": [-16.99021, 8.35561, 17.45973],
							"size": [3.888, 2.016, 2.187],
							"pivot": [-16.99021, 9.39961, 19.40373],
							"rotation": [-22.5, 0, 0],
							"uv": {
								"north": {"uv": [173, 24], "uv_size": [-4, 2]},
								"east": {"uv": [63, 175], "uv_size": [-2, 2]},
								"south": {"uv": [173, 26], "uv_size": [-4, 2]},
								"west": {"uv": [61, 175], "uv_size": [-2, 2]},
								"up": {"uv": [38, 169], "uv_size": [-4, 2]},
								"down": {"uv": [173, 41], "uv_size": [-4, -2]}
							}
						},
						{
							"origin": [-16.99021, 7.09871, 18.74351],
							"size": [3.888, 2.016, 2.187],
							"pivot": [-16.99021, 8.14271, 20.68751],
							"rotation": [-45, 0, 0],
							"uv": {
								"north": {"uv": [173, 58], "uv_size": [-4, 2]},
								"east": {"uv": [71, 175], "uv_size": [-2, 2]},
								"south": {"uv": [173, 68], "uv_size": [-4, 2]},
								"west": {"uv": [69, 175], "uv_size": [-2, 2]},
								"up": {"uv": [173, 70], "uv_size": [-4, 2]},
								"down": {"uv": [81, 171], "uv_size": [-4, -2]}
							}
						},
						{
							"origin": [-16.99021, 6.2472, 20.34857],
							"size": [3.888, 2.187, 2.016],
							"pivot": [-16.99021, 6.4902, 21.39257],
							"rotation": [22.5, 0, 0],
							"uv": {
								"north": {"uv": [97, 169], "uv_size": [-4, 2]},
								"east": {"uv": [177, 72], "uv_size": [-2, 2]},
								"south": {"uv": [101, 169], "uv_size": [-4, 2]},
								"west": {"uv": [73, 175], "uv_size": [-2, 2]},
								"up": {"uv": [173, 98], "uv_size": [-4, 2]},
								"down": {"uv": [173, 138], "uv_size": [-4, -2]}
							}
						},
						{
							"origin": [-16.99021, 1.02107, 17.33615],
							"size": [3.888, 2.016, 2.187],
							"pivot": [-16.50421, 2.15152, 20.10699],
							"rotation": [22.5, 0, 0],
							"uv": {
								"north": {"uv": [173, 163], "uv_size": [-4, 2]},
								"east": {"uv": [77, 175], "uv_size": [-2, 2]},
								"south": {"uv": [173, 165], "uv_size": [-4, 2]},
								"west": {"uv": [75, 175], "uv_size": [-2, 2]},
								"up": {"uv": [173, 167], "uv_size": [-4, 2]},
								"down": {"uv": [173, 171], "uv_size": [-4, -2]}
							}
						},
						{
							"origin": [-16.99021, 1.10835, 19.08379],
							"size": [3.888, 2.187, 2.016],
							"pivot": [-16.50421, 2.32335, 20.27882],
							"rotation": [-45, 0, 0],
							"uv": {
								"north": {"uv": [4, 170], "uv_size": [-4, 2]},
								"east": {"uv": [81, 175], "uv_size": [-2, 2]},
								"south": {"uv": [174, 0], "uv_size": [-4, 2]},
								"west": {"uv": [79, 175], "uv_size": [-2, 2]},
								"up": {"uv": [174, 2], "uv_size": [-4, 2]},
								"down": {"uv": [174, 6], "uv_size": [-4, -2]}
							}
						},
						{
							"origin": [-16.99021, 2.88869, 19.48626],
							"size": [3.888, 2.187, 2.016],
							"pivot": [-16.50421, 2.54785, 20.37181],
							"rotation": [-22.5, 0, 0],
							"uv": {
								"north": {"uv": [174, 6], "uv_size": [-4, 2]},
								"east": {"uv": [85, 175], "uv_size": [-2, 2]},
								"south": {"uv": [174, 8], "uv_size": [-4, 2]},
								"west": {"uv": [83, 175], "uv_size": [-2, 2]},
								"up": {"uv": [174, 10], "uv_size": [-4, 2]},
								"down": {"uv": [174, 30], "uv_size": [-4, -2]}
							}
						},
						{
							"origin": [-16.99021, 4.45067, 20.36757],
							"size": [3.888, 2.187, 2.016],
							"uv": {
								"north": {"uv": [44, 170], "uv_size": [-4, 2]},
								"east": {"uv": [177, 85], "uv_size": [-2, 2]},
								"south": {"uv": [51, 170], "uv_size": [-4, 2]},
								"west": {"uv": [87, 175], "uv_size": [-2, 2]},
								"up": {"uv": [55, 170], "uv_size": [-4, 2]},
								"down": {"uv": [174, 56], "uv_size": [-4, -2]}
							}
						},
						{
							"origin": [-16.99021, 7.2049, 13.06787],
							"size": [3.888, 2.016, 2.187],
							"pivot": [-16.50421, 7.92297, 13.32605],
							"rotation": [45, 0, 0],
							"uv": {
								"north": {"uv": [59, 170], "uv_size": [-4, 2]},
								"east": {"uv": [91, 175], "uv_size": [-2, 2]},
								"south": {"uv": [63, 170], "uv_size": [-4, 2]},
								"west": {"uv": [89, 175], "uv_size": [-2, 2]},
								"up": {"uv": [67, 170], "uv_size": [-4, 2]},
								"down": {"uv": [75, 172], "uv_size": [-4, -2]}
							}
						},
						{
							"origin": [-16.99021, 7.92307, 14.55867],
							"size": [3.888, 2.016, 2.187],
							"pivot": [-16.50421, 8.09479, 13.49787],
							"rotation": [22.5, 0, 0],
							"uv": {
								"north": {"uv": [174, 80], "uv_size": [-4, 2]},
								"east": {"uv": [95, 175], "uv_size": [-2, 2]},
								"south": {"uv": [85, 170], "uv_size": [-4, 2]},
								"west": {"uv": [93, 175], "uv_size": [-2, 2]},
								"up": {"uv": [89, 170], "uv_size": [-4, 2]},
								"down": {"uv": [174, 105], "uv_size": [-4, -2]}
							}
						},
						{
							"origin": [-16.99021, 6.01264, 11.93512],
							"size": [3.888, 2.187, 2.016],
							"pivot": [-16.50421, 7.69847, 13.23305],
							"rotation": [-22.5, 0, 0],
							"uv": {
								"north": {"uv": [174, 105], "uv_size": [-4, 2]},
								"east": {"uv": [99, 175], "uv_size": [-2, 2]},
								"south": {"uv": [111, 170], "uv_size": [-4, 2]},
								"west": {"uv": [97, 175], "uv_size": [-2, 2]},
								"up": {"uv": [115, 170], "uv_size": [-4, 2]},
								"down": {"uv": [119, 172], "uv_size": [-4, -2]}
							}
						},
						{
							"origin": [-16.99021, 4.45066, 11.38878],
							"size": [3.888, 2.187, 2.016],
							"uv": {
								"north": {"uv": [123, 170], "uv_size": [-4, 2]},
								"east": {"uv": [107, 175], "uv_size": [-2, 2]},
								"south": {"uv": [174, 123], "uv_size": [-4, 2]},
								"west": {"uv": [101, 175], "uv_size": [-2, 2]},
								"up": {"uv": [135, 170], "uv_size": [-4, 2]},
								"down": {"uv": [139, 172], "uv_size": [-4, -2]}
							}
						},
						{
							"origin": [-16.99021, 3.21666, 12.49127],
							"size": [3.888, 2.187, 2.016],
							"pivot": [-16.50421, 2.15586, 14.33555],
							"rotation": [22.5, 0, 0],
							"uv": {
								"north": {"uv": [145, 170], "uv_size": [-4, 2]},
								"east": {"uv": [111, 175], "uv_size": [-2, 2]},
								"south": {"uv": [149, 170], "uv_size": [-4, 2]},
								"west": {"uv": [109, 175], "uv_size": [-2, 2]},
								"up": {"uv": [164, 170], "uv_size": [-4, 2]},
								"down": {"uv": [168, 172], "uv_size": [-4, -2]}
							}
						},
						{
							"origin": [-16.99021, 1.72586, 13.20944],
							"size": [3.888, 2.187, 2.016],
							"pivot": [-16.50421, 1.98403, 14.50737],
							"rotation": [45, 0, 0],
							"uv": {
								"north": {"uv": [9, 171], "uv_size": [-4, 2]},
								"east": {"uv": [115, 175], "uv_size": [-2, 2]},
								"south": {"uv": [13, 171], "uv_size": [-4, 2]},
								"west": {"uv": [113, 175], "uv_size": [-2, 2]},
								"up": {"uv": [17, 171], "uv_size": [-4, 2]},
								"down": {"uv": [21, 173], "uv_size": [-4, -2]}
							}
						},
						{
							"origin": [-16.99021, 0.59311, 14.2307],
							"size": [3.888, 2.016, 2.187],
							"pivot": [-16.50421, 1.89104, 14.73188],
							"rotation": [-22.5, 0, 0],
							"uv": {
								"north": {"uv": [25, 171], "uv_size": [-4, 2]},
								"east": {"uv": [119, 175], "uv_size": [-2, 2]},
								"south": {"uv": [175, 30], "uv_size": [-4, 2]},
								"west": {"uv": [117, 175], "uv_size": [-2, 2]},
								"up": {"uv": [38, 171], "uv_size": [-4, 2]},
								"down": {"uv": [175, 53], "uv_size": [-4, -2]}
							}
						},
						{
							"origin": [-16.99021, 0.04677, 15.79268],
							"size": [3.888, 2.016, 2.187],
							"uv": {
								"north": {"uv": [71, 171], "uv_size": [-4, 2]},
								"east": {"uv": [133, 175], "uv_size": [-2, 2]},
								"south": {"uv": [175, 72], "uv_size": [-4, 2]},
								"west": {"uv": [121, 175], "uv_size": [-2, 2]},
								"up": {"uv": [81, 171], "uv_size": [-4, 2]},
								"down": {"uv": [175, 87], "uv_size": [-4, -2]}
							}
						},
						{
							"origin": [-15.77521, 1.72816, 13.07018],
							"size": [0.972, 7.632, 7.632],
							"uv": {
								"north": {"uv": [155, 169], "uv_size": [-1, 7.5]},
								"east": {"uv": [44.5, 140], "uv_size": [-7.5, 7.5]},
								"south": {"uv": [156, 169], "uv_size": [-1, 7.5]},
								"west": {"uv": [36.5, 139], "uv_size": [-7.5, 7.5]},
								"up": {"uv": [150, 170], "uv_size": [-1, 7.5]},
								"down": {"uv": [151, 177.5], "uv_size": [-1, -7.5]}
							}
						}
					]
				},
				{
					"name": "roof",
					"parent": "main",
					"pivot": [0, 22.07107, -9.34315],
					"cubes": [
						{
							"origin": [11.9, 13.41421, -10.58579],
							"size": [2, 12, 2],
							"pivot": [12.9, 19.41421, -9.58579],
							"rotation": [-45, 0, 0],
							"uv": {
								"north": {"uv": [150, 148], "uv_size": [2, 12]},
								"east": {"uv": [107, 151], "uv_size": [2, 12]},
								"south": {"uv": [109, 151], "uv_size": [2, 12]},
								"west": {"uv": [111, 151], "uv_size": [2, 12]},
								"up": {"uv": [56, 74], "uv_size": [2, 2]},
								"down": {"uv": [56, 78], "uv_size": [2, -2]}
							}
						},
						{
							"origin": [12, 12.51201, 1.72139],
							"size": [2, 11, 2],
							"uv": {
								"north": {"uv": [55, 152], "uv_size": [2, 11]},
								"east": {"uv": [57, 152], "uv_size": [2, 11]},
								"south": {"uv": [59, 152], "uv_size": [2, 11]},
								"west": {"uv": [61, 152], "uv_size": [2, 11]},
								"up": {"uv": [88, 40], "uv_size": [2, 2]},
								"down": {"uv": [122, 109], "uv_size": [2, -2]}
							}
						},
						{
							"origin": [-14, 13.51201, 1.72139],
							"size": [2, 11, 2],
							"uv": {
								"north": {"uv": [63, 152], "uv_size": [2, 11]},
								"east": {"uv": [65, 152], "uv_size": [2, 11]},
								"south": {"uv": [71, 152], "uv_size": [2, 11]},
								"west": {"uv": [73, 152], "uv_size": [2, 11]},
								"up": {"uv": [155, 125], "uv_size": [2, 2]},
								"down": {"uv": [155, 129], "uv_size": [2, -2]}
							}
						},
						{
							"origin": [11.9, 11.2031, 19.78087],
							"size": [2, 15, 2],
							"pivot": [12.9, 16.2031, 20.78087],
							"rotation": [45, 0, 0],
							"uv": {
								"north": {"uv": [133, 145], "uv_size": [2, 15]},
								"east": {"uv": [41, 148], "uv_size": [2, 15]},
								"south": {"uv": [43, 148], "uv_size": [2, 15]},
								"west": {"uv": [142, 148], "uv_size": [2, 15]},
								"up": {"uv": [158, 92], "uv_size": [2, 2]},
								"down": {"uv": [52, 174], "uv_size": [2, -2]}
							}
						},
						{
							"origin": [-13.9, 11.2031, 19.78087],
							"size": [2, 15, 2],
							"pivot": [13.1, 16.2031, 20.78087],
							"rotation": [45, 0, 0],
							"uv": {
								"north": {"uv": [144, 148], "uv_size": [2, 15]},
								"east": {"uv": [146, 148], "uv_size": [2, 15]},
								"south": {"uv": [148, 148], "uv_size": [2, 15]},
								"west": {"uv": [123, 149], "uv_size": [2, 15]},
								"up": {"uv": [54, 172], "uv_size": [2, 2]},
								"down": {"uv": [56, 174], "uv_size": [2, -2]}
							}
						},
						{
							"origin": [-13.9, 13.41421, -10.58579],
							"size": [2, 12, 2],
							"pivot": [13.1, 19.41421, -9.58579],
							"rotation": [-45, 0, 0],
							"uv": {
								"north": {"uv": [113, 151], "uv_size": [2, 12]},
								"east": {"uv": [115, 151], "uv_size": [2, 12]},
								"south": {"uv": [117, 151], "uv_size": [2, 12]},
								"west": {"uv": [119, 151], "uv_size": [2, 12]},
								"up": {"uv": [172, 56], "uv_size": [2, 2]},
								"down": {"uv": [58, 174], "uv_size": [2, -2]}
							}
						},
						{
							"origin": [-14, 23.51201, -3.27861],
							"size": [28, 2, 14],
							"inflate": 0.01,
							"uv": {
								"north": {"uv": [140, 100], "uv_size": [28, 2]},
								"east": {"uv": [88, 116], "uv_size": [14, 2]},
								"south": {"uv": [140, 102], "uv_size": [28, 2]},
								"west": {"uv": [149, 18], "uv_size": [14, 2]},
								"up": {"uv": [60, 28], "uv_size": [28, 14]},
								"down": {"uv": [30, 74], "uv_size": [28, -14]}
							}
						},
						{
							"origin": [-14, 22.44008, -5.66757],
							"size": [28, 2, 3],
							"pivot": [0, 23.44008, -5.66757],
							"rotation": [22.5, 0, 0],
							"uv": {
								"north": {"uv": [141, 22], "uv_size": [28, 2]},
								"east": {"uv": [5, 169], "uv_size": [3, 2]},
								"south": {"uv": [141, 24], "uv_size": [28, 2]},
								"west": {"uv": [25, 171], "uv_size": [3, 2]},
								"up": {"uv": [122, 55], "uv_size": [28, 3]},
								"down": {"uv": [124, 95], "uv_size": [28, -3]}
							}
						},
						{
							"origin": [-14, 21.48337, 9.92004],
							"size": [28, 2, 4],
							"pivot": [0, 22.48337, 15.42004],
							"rotation": [-22.5, 0, 0],
							"uv": {
								"north": {"uv": [141, 26], "uv_size": [28, 2]},
								"east": {"uv": [135, 168], "uv_size": [4, 2]},
								"south": {"uv": [141, 39], "uv_size": [28, 2]},
								"west": {"uv": [168, 148], "uv_size": [4, 2]},
								"up": {"uv": [28, 74], "uv_size": [28, 4]},
								"down": {"uv": [122, 55], "uv_size": [28, -4]}
							}
						}
					]
				},
				{
					"name": "back",
					"parent": "main",
					"pivot": [-1, 1, -36],
					"cubes": [
						{
							"origin": [-14, 17, 16],
							"size": [28, 1, 12],
							"uv": {
								"north": {"uv": [148, 111], "uv_size": [28, 1]},
								"east": {"uv": [157, 35], "uv_size": [12, 1]},
								"south": {"uv": [149, 20], "uv_size": [28, 1]},
								"west": {"uv": [159, 62], "uv_size": [12, 1]},
								"up": {"uv": [58, 66], "uv_size": [28, 12]},
								"down": {"uv": [0, 80], "uv_size": [28, -12]}
							}
						},
						{
							"origin": [-15, 16, 16],
							"size": [30, 1, 12],
							"uv": {
								"north": {"uv": [144, 143], "uv_size": [30, 1]},
								"east": {"uv": [163, 12], "uv_size": [12, 1]},
								"south": {"uv": [146, 38], "uv_size": [30, 1]},
								"west": {"uv": [164, 50], "uv_size": [12, 1]},
								"up": {"uv": [60, 42], "uv_size": [30, 12]},
								"down": {"uv": [60, 66], "uv_size": [30, -12]}
							}
						},
						{
							"origin": [-15, 16, 15],
							"size": [29, 1, 2],
							"uv": {
								"north": {"uv": [148, 13], "uv_size": [29, 1]},
								"east": {"uv": [37, 121], "uv_size": [2, 1]},
								"south": {"uv": [148, 14], "uv_size": [29, 1]},
								"west": {"uv": [122, 109], "uv_size": [2, 1]},
								"up": {"uv": [139, 63], "uv_size": [29, 2]},
								"down": {"uv": [140, 100], "uv_size": [29, -2]}
							}
						},
						{
							"origin": [-14, 16, 28],
							"size": [28, 1, 1],
							"uv": {
								"north": {"uv": [149, 21], "uv_size": [28, 1]},
								"east": {"uv": [114, 98], "uv_size": [1, 1]},
								"south": {"uv": [149, 65], "uv_size": [28, 1]},
								"west": {"uv": [108, 133], "uv_size": [1, 1]},
								"up": {"uv": [149, 66], "uv_size": [28, 1]},
								"down": {"uv": [149, 68], "uv_size": [28, -1]}
							}
						}
					]
				},
				{
					"name": "below",
					"parent": "main",
					"pivot": [-1, 1, -36],
					"cubes": [
						{
							"origin": [-15, 3.75, -10],
							"size": [30, 2, 26],
							"uv": {
								"north": {"uv": [134, 16], "uv_size": [30, 2]},
								"east": {"uv": [141, 90], "uv_size": [26, 2]},
								"south": {"uv": [139, 58], "uv_size": [30, 2]},
								"west": {"uv": [141, 117], "uv_size": [26, 2]},
								"up": {"uv": [0, 0], "uv_size": [30, 26]},
								"down": {"uv": [0, 52], "uv_size": [30, -26]}
							}
						}
					]
				},
				{
					"name": "wheels",
					"parent": "main",
					"pivot": [-1, 1, -36.5]
				},
				{
					"name": "bumbs",
					"parent": "main",
					"pivot": [-1, 1, -36]
				},
				{
					"name": "bumper2",
					"parent": "bumbs",
					"pivot": [1, 2, -35.51472],
					"cubes": [
						{
							"origin": [15, 3, -27],
							"size": [2, 2, 6],
							"uv": {
								"north": {"uv": [147, 174], "uv_size": [2, 2]},
								"east": {"uv": [165, 141], "uv_size": [6, 2]},
								"south": {"uv": [152, 174], "uv_size": [2, 2]},
								"west": {"uv": [166, 33], "uv_size": [6, 2]},
								"up": {"uv": [58, 60], "uv_size": [2, 6]},
								"down": {"uv": [28, 74], "uv_size": [2, -6]}
							}
						},
						{
							"origin": [12.81802, 3, -35.26777],
							"size": [2, 2, 10],
							"pivot": [13.81802, 3.5, -28.76777],
							"rotation": [0, 45, 0],
							"uv": {
								"north": {"uv": [13, 175], "uv_size": [2, 2]},
								"east": {"uv": [153, 11], "uv_size": [10, 2]},
								"south": {"uv": [34, 175], "uv_size": [2, 2]},
								"west": {"uv": [155, 68], "uv_size": [10, 2]},
								"up": {"uv": [105, 154], "uv_size": [2, 10]},
								"down": {"uv": [139, 164], "uv_size": [2, -10]}
							}
						},
						{
							"origin": [-10.07107, 3, -34.07107],
							"size": [20, 2, 3],
							"uv": {
								"north": {"uv": [146, 36], "uv_size": [20, 2]},
								"east": {"uv": [171, 87], "uv_size": [3, 2]},
								"south": {"uv": [147, 121], "uv_size": [20, 2]},
								"west": {"uv": [171, 89], "uv_size": [3, 2]},
								"up": {"uv": [139, 60], "uv_size": [20, 3]},
								"down": {"uv": [140, 98], "uv_size": [20, -3]}
							}
						},
						{
							"origin": [-14.81802, 3, -35.26777],
							"size": [2, 2, 10],
							"pivot": [-13.81802, 3.5, -28.76777],
							"rotation": [0, -45, 0],
							"uv": {
								"north": {"uv": [36, 175], "uv_size": [2, 2]},
								"east": {"uv": [155, 70], "uv_size": [10, 2]},
								"south": {"uv": [45, 175], "uv_size": [2, 2]},
								"west": {"uv": [156, 81], "uv_size": [10, 2]},
								"up": {"uv": [39, 155], "uv_size": [2, 10]},
								"down": {"uv": [133, 170], "uv_size": [2, -10]}
							}
						},
						{
							"origin": [-17, 3, -27],
							"size": [2, 2, 6],
							"uv": {
								"north": {"uv": [47, 175], "uv_size": [2, 2]},
								"east": {"uv": [166, 36], "uv_size": [6, 2]},
								"south": {"uv": [51, 175], "uv_size": [2, 2]},
								"west": {"uv": [166, 56], "uv_size": [6, 2]},
								"up": {"uv": [23, 103], "uv_size": [2, 6]},
								"down": {"uv": [89, 173], "uv_size": [2, -6]}
							}
						}
					]
				},
				{
					"name": "interior",
					"parent": "main",
					"pivot": [0, -1, -36]
				},
				{
					"name": "chairs",
					"parent": "interior",
					"pivot": [0, -1, -36]
				},
				{
					"name": "chair",
					"parent": "chairs",
					"pivot": [2, 2.75, -37],
					"cubes": [
						{
							"origin": [2, 8.75, 1],
							"size": [11, 8, 1],
							"uv": {
								"north": {"uv": [93, 125], "uv_size": [11, 8]},
								"east": {"uv": [129, 168], "uv_size": [1, 8]},
								"south": {"uv": [127, 122], "uv_size": [11, 8]},
								"west": {"uv": [130, 168], "uv_size": [1, 8]},
								"up": {"uv": [165, 43], "uv_size": [11, 1]},
								"down": {"uv": [165, 140], "uv_size": [11, -1]}
							}
						},
						{
							"origin": [3, 6.75, 0],
							"size": [9, 12, 2],
							"uv": {
								"north": {"uv": [48, 122], "uv_size": [9, 12]},
								"east": {"uv": [121, 151], "uv_size": [2, 12]},
								"south": {"uv": [57, 122], "uv_size": [9, 12]},
								"west": {"uv": [151, 129], "uv_size": [2, 12]},
								"up": {"uv": [157, 33], "uv_size": [9, 2]},
								"down": {"uv": [157, 58], "uv_size": [9, -2]}
							}
						},
						{
							"origin": [3, 8.75, 2],
							"size": [9, 8, 1],
							"uv": {
								"north": {"uv": [93, 133], "uv_size": [9, 8]},
								"east": {"uv": [156, 168], "uv_size": [1, 8]},
								"south": {"uv": [133, 105], "uv_size": [9, 8]},
								"west": {"uv": [157, 168], "uv_size": [1, 8]},
								"up": {"uv": [168, 61], "uv_size": [9, 1]},
								"down": {"uv": [168, 64], "uv_size": [9, -1]}
							}
						},
						{
							"origin": [4, 6.36018, -5.63993],
							"size": [7, 3, 6],
							"uv": {
								"north": {"uv": [115, 107], "uv_size": [7, 3]},
								"east": {"uv": [152, 92], "uv_size": [6, 3]},
								"south": {"uv": [124, 95], "uv_size": [7, 3]},
								"west": {"uv": [159, 41], "uv_size": [6, 3]},
								"up": {"uv": [101, 144], "uv_size": [7, 6]},
								"down": {"uv": [144, 135], "uv_size": [7, -6]}
							}
						},
						{
							"origin": [2, 7.46018, -5.63993],
							"size": [11, 1, 5],
							"uv": {
								"north": {"uv": [167, 121], "uv_size": [11, 1]},
								"east": {"uv": [172, 42], "uv_size": [5, 1]},
								"south": {"uv": [167, 122], "uv_size": [11, 1]},
								"west": {"uv": [172, 46], "uv_size": [5, 1]},
								"up": {"uv": [124, 140], "uv_size": [11, 5]},
								"down": {"uv": [141, 46], "uv_size": [11, -5]}
							}
						},
						{
							"origin": [3, 7.46018, -6.63993],
							"size": [9, 2, 7],
							"uv": {
								"north": {"uv": [159, 60], "uv_size": [9, 2]},
								"east": {"uv": [163, 10], "uv_size": [7, 2]},
								"south": {"uv": [161, 6], "uv_size": [9, 2]},
								"west": {"uv": [163, 123], "uv_size": [7, 2]},
								"up": {"uv": [137, 28], "uv_size": [9, 7]},
								"down": {"uv": [135, 144], "uv_size": [9, -7]}
							}
						}
					]
				},
				{
					"name": "mount",
					"parent": "chair",
					"pivot": [7, 9.5, -3]
				},
				{
					"name": "chair4",
					"parent": "chairs",
					"pivot": [-2, 2.75, -37],
					"cubes": [
						{
							"origin": [-13, 8.75, 1],
							"size": [11, 8, 1],
							"uv": {
								"north": {"uv": [14, 128], "uv_size": [11, 8]},
								"east": {"uv": [158, 168], "uv_size": [1, 8]},
								"south": {"uv": [0, 129], "uv_size": [11, 8]},
								"west": {"uv": [159, 168], "uv_size": [1, 8]},
								"up": {"uv": [167, 134], "uv_size": [11, 1]},
								"down": {"uv": [167, 136], "uv_size": [11, -1]}
							}
						},
						{
							"origin": [-12, 6.75, 0],
							"size": [9, 12, 2],
							"uv": {
								"north": {"uv": [109, 122], "uv_size": [9, 12]},
								"east": {"uv": [11, 152], "uv_size": [2, 12]},
								"south": {"uv": [118, 122], "uv_size": [9, 12]},
								"west": {"uv": [13, 152], "uv_size": [2, 12]},
								"up": {"uv": [161, 8], "uv_size": [9, 2]},
								"down": {"uv": [161, 30], "uv_size": [9, -2]}
							}
						},
						{
							"origin": [-12, 8.75, 2],
							"size": [9, 8, 1],
							"uv": {
								"north": {"uv": [134, 0], "uv_size": [9, 8]},
								"east": {"uv": [168, 163], "uv_size": [1, 8]},
								"south": {"uv": [134, 8], "uv_size": [9, 8]},
								"west": {"uv": [4, 169], "uv_size": [1, 8]},
								"up": {"uv": [168, 64], "uv_size": [9, 1]},
								"down": {"uv": [168, 80], "uv_size": [9, -1]}
							}
						},
						{
							"origin": [-11, 6.36018, -5.63993],
							"size": [7, 3, 6],
							"uv": {
								"north": {"uv": [150, 55], "uv_size": [7, 3]},
								"east": {"uv": [161, 30], "uv_size": [6, 3]},
								"south": {"uv": [152, 41], "uv_size": [7, 3]},
								"west": {"uv": [161, 51], "uv_size": [6, 3]},
								"up": {"uv": [135, 144], "uv_size": [7, 6]},
								"down": {"uv": [144, 141], "uv_size": [7, -6]}
							}
						},
						{
							"origin": [-13, 7.46018, -5.63993],
							"size": [11, 1, 5],
							"uv": {
								"north": {"uv": [167, 147], "uv_size": [11, 1]},
								"east": {"uv": [47, 172], "uv_size": [5, 1]},
								"south": {"uv": [167, 162], "uv_size": [11, 1]},
								"west": {"uv": [172, 47], "uv_size": [5, 1]},
								"up": {"uv": [141, 46], "uv_size": [11, 5]},
								"down": {"uv": [141, 90], "uv_size": [11, -5]}
							}
						},
						{
							"origin": [-12, 7.46018, -6.63993],
							"size": [9, 2, 7],
							"uv": {
								"north": {"uv": [161, 54], "uv_size": [9, 2]},
								"east": {"uv": [164, 96], "uv_size": [7, 2]},
								"south": {"uv": [84, 161], "uv_size": [9, 2]},
								"west": {"uv": [164, 119], "uv_size": [7, 2]},
								"up": {"uv": [138, 122], "uv_size": [9, 7]},
								"down": {"uv": [20, 146], "uv_size": [9, -7]}
							}
						}
					]
				},
				{
					"name": "p_sidemount",
					"parent": "chair4",
					"pivot": [-8, 9.5, -3]
				},
				{
					"name": "chair3",
					"parent": "chairs",
					"pivot": [0.5, 10.875, 12],
					"cubes": [
						{
							"origin": [-10, 9, 6],
							"size": [21, 1, 8],
							"uv": {
								"north": {"uv": [152, 44], "uv_size": [21, 1]},
								"east": {"uv": [112, 77], "uv_size": [8, 1]},
								"south": {"uv": [152, 45], "uv_size": [21, 1]},
								"west": {"uv": [114, 39], "uv_size": [8, 1]},
								"up": {"uv": [103, 110], "uv_size": [21, 8]},
								"down": {"uv": [0, 120], "uv_size": [21, -8]}
							}
						},
						{
							"origin": [-11, 9, 12.5],
							"size": [23, 7, 2],
							"uv": {
								"north": {"uv": [112, 66], "uv_size": [23, 7]},
								"east": {"uv": [152, 165], "uv_size": [2, 7]},
								"south": {"uv": [114, 28], "uv_size": [23, 7]},
								"west": {"uv": [165, 156], "uv_size": [2, 7]},
								"up": {"uv": [141, 119], "uv_size": [23, 2]},
								"down": {"uv": [143, 2], "uv_size": [23, -2]}
							}
						},
						{
							"origin": [-10, 10, 13],
							"size": [21, 7, 2],
							"uv": {
								"north": {"uv": [118, 58], "uv_size": [21, 7]},
								"east": {"uv": [45, 166], "uv_size": [2, 7]},
								"south": {"uv": [88, 118], "uv_size": [21, 7]},
								"west": {"uv": [75, 166], "uv_size": [2, 7]},
								"up": {"uv": [144, 74], "uv_size": [21, 2]},
								"down": {"uv": [144, 143], "uv_size": [21, -2]}
							}
						},
						{
							"origin": [-11, 7, 5],
							"size": [23, 2, 9],
							"uv": {
								"north": {"uv": [143, 2], "uv_size": [23, 2]},
								"east": {"uv": [161, 104], "uv_size": [9, 2]},
								"south": {"uv": [143, 4], "uv_size": [23, 2]},
								"west": {"uv": [161, 106], "uv_size": [9, 2]},
								"up": {"uv": [25, 100], "uv_size": [23, 9]},
								"down": {"uv": [0, 112], "uv_size": [23, -9]}
							}
						}
					]
				},
				{
					"name": "p_backmount2",
					"parent": "chair3",
					"pivot": [5.5, 9.875, 9]
				},
				{
					"name": "p_backmount",
					"parent": "chair3",
					"pivot": [-5.5, 9.875, 9]
				},
				{
					"name": "handle",
					"parent": "interior",
					"pivot": [6.85294, 15.48087, -7.94619],
					"rotation": [22.5, 0, 0],
					"cubes": [
						{
							"origin": [9.5, 13.98087, -8.24619],
							"size": [1, 3, 1],
							"uv": {
								"north": {"uv": [176, 74], "uv_size": [1, 3]},
								"east": {"uv": [176, 93], "uv_size": [1, 3]},
								"south": {"uv": [176, 100], "uv_size": [1, 3]},
								"west": {"uv": [104, 176], "uv_size": [1, 3]},
								"up": {"uv": [140, 85], "uv_size": [1, 1]},
								"down": {"uv": [62, 143], "uv_size": [1, -1]}
							}
						},
						{
							"origin": [3.75, 14.98087, -8.24619],
							"size": [6, 1, 1],
							"uv": {
								"north": {"uv": [108, 98], "uv_size": [6, 1]},
								"east": {"uv": [143, 129], "uv_size": [1, 1]},
								"south": {"uv": [31, 121], "uv_size": [6, 1]},
								"west": {"uv": [146, 121], "uv_size": [1, 1]},
								"up": {"uv": [25, 128], "uv_size": [6, 1]},
								"down": {"uv": [134, 86], "uv_size": [6, -1]}
							}
						},
						{
							"origin": [6.25, 14.98087, -11.24619],
							"size": [1, 1, 3],
							"uv": {
								"north": {"uv": [36, 147], "uv_size": [1, 1]},
								"east": {"uv": [176, 38], "uv_size": [3, 1]},
								"south": {"uv": [107, 150], "uv_size": [1, 1]},
								"west": {"uv": [176, 43], "uv_size": [3, 1]},
								"up": {"uv": [176, 108], "uv_size": [1, 3]},
								"down": {"uv": [176, 114], "uv_size": [1, -3]}
							}
						},
						{
							"origin": [3.25736, 13.98087, -8.24619],
							"size": [1, 3, 1],
							"uv": {
								"north": {"uv": [176, 114], "uv_size": [1, 3]},
								"east": {"uv": [176, 117], "uv_size": [1, 3]},
								"south": {"uv": [176, 125], "uv_size": [1, 3]},
								"west": {"uv": [176, 128], "uv_size": [1, 3]},
								"up": {"uv": [35, 154], "uv_size": [1, 1]},
								"down": {"uv": [4, 160], "uv_size": [1, -1]}
							}
						},
						{
							"origin": [20.72038, 23.21429, -8.24619],
							"size": [3, 1, 1],
							"pivot": [8.37868, 36.55598, -56.21181],
							"rotation": [0, 0, 45],
							"uv": {
								"north": {"uv": [176, 48], "uv_size": [3, 1]},
								"east": {"uv": [83, 162], "uv_size": [1, 1]},
								"south": {"uv": [176, 50], "uv_size": [3, 1]},
								"west": {"uv": [163, 148], "uv_size": [1, 1]},
								"up": {"uv": [176, 53], "uv_size": [3, 1]},
								"down": {"uv": [176, 63], "uv_size": [3, -1]}
							}
						},
						{
							"origin": [16.30616, 18.80007, -8.24619],
							"size": [3, 1, 1],
							"pivot": [3.96447, 32.14177, -56.21181],
							"rotation": [0, 0, 45],
							"uv": {
								"north": {"uv": [176, 77], "uv_size": [3, 1]},
								"east": {"uv": [34, 164], "uv_size": [1, 1]},
								"south": {"uv": [176, 78], "uv_size": [3, 1]},
								"west": {"uv": [51, 173], "uv_size": [1, 1]},
								"up": {"uv": [176, 84], "uv_size": [3, 1]},
								"down": {"uv": [176, 97], "uv_size": [3, -1]}
							}
						},
						{
							"origin": [-10.25591, 23.92139, -8.24619],
							"size": [3, 1, 1],
							"pivot": [6.08579, 37.26309, -56.21181],
							"rotation": [0, 0, -45],
							"uv": {
								"north": {"uv": [176, 97], "uv_size": [3, 1]},
								"east": {"uv": [177, 8], "uv_size": [1, 1]},
								"south": {"uv": [176, 120], "uv_size": [3, 1]},
								"west": {"uv": [15, 177], "uv_size": [1, 1]},
								"up": {"uv": [176, 131], "uv_size": [3, 1]},
								"down": {"uv": [176, 133], "uv_size": [3, -1]}
							}
						},
						{
							"origin": [-5.8417, 19.50718, -8.24619],
							"size": [3, 1, 1],
							"pivot": [10.5, 32.84888, -56.21181],
							"rotation": [0, 0, -45],
							"uv": {
								"north": {"uv": [133, 176], "uv_size": [3, 1]},
								"east": {"uv": [177, 15], "uv_size": [1, 1]},
								"south": {"uv": [176, 133], "uv_size": [3, 1]},
								"west": {"uv": [16, 177], "uv_size": [1, 1]},
								"up": {"uv": [136, 176], "uv_size": [3, 1]},
								"down": {"uv": [139, 177], "uv_size": [3, -1]}
							}
						},
						{
							"origin": [5.37868, 18.10219, -8.24619],
							"size": [3, 1, 1],
							"uv": {
								"north": {"uv": [176, 139], "uv_size": [3, 1]},
								"east": {"uv": [177, 16], "uv_size": [1, 1]},
								"south": {"uv": [176, 141], "uv_size": [3, 1]},
								"west": {"uv": [17, 177], "uv_size": [1, 1]},
								"up": {"uv": [142, 176], "uv_size": [3, 1]},
								"down": {"uv": [176, 143], "uv_size": [3, -1]}
							}
						},
						{
							"origin": [5.37868, 11.85955, -8.24619],
							"size": [3, 1, 1],
							"uv": {
								"north": {"uv": [176, 144], "uv_size": [3, 1]},
								"east": {"uv": [177, 17], "uv_size": [1, 1]},
								"south": {"uv": [176, 145], "uv_size": [3, 1]},
								"west": {"uv": [18, 177], "uv_size": [1, 1]},
								"up": {"uv": [176, 146], "uv_size": [3, 1]},
								"down": {"uv": [176, 149], "uv_size": [3, -1]}
							}
						}
					]
				},
				{
					"name": "box",
					"parent": "interior",
					"pivot": [6.85294, 15.5, -60.9],
					"cubes": [
						{
							"origin": [-1.14706, 5.5, -2.9],
							"size": [3, 4, 5],
							"uv": {
								"north": {"uv": [168, 85], "uv_size": [3, 4]},
								"east": {"uv": [156, 104], "uv_size": [5, 4]},
								"south": {"uv": [168, 92], "uv_size": [3, 4]},
								"west": {"uv": [160, 159], "uv_size": [5, 4]},
								"up": {"uv": [124, 134], "uv_size": [3, 5]},
								"down": {"uv": [149, 170], "uv_size": [3, -5]}
							}
						},
						{
							"origin": [-1.14706, 5.5, -9.9],
							"size": [3, 2, 7],
							"uv": {
								"north": {"uv": [91, 171], "uv_size": [3, 2]},
								"east": {"uv": [165, 41], "uv_size": [7, 2]},
								"south": {"uv": [171, 91], "uv_size": [3, 2]},
								"west": {"uv": [165, 74], "uv_size": [7, 2]},
								"up": {"uv": [11, 129], "uv_size": [3, 7]},
								"down": {"uv": [152, 151], "uv_size": [3, -7]}
							}
						},
						{
							"origin": [-0.14706, 7.5, -4.9],
							"size": [1, 2, 1],
							"uv": {
								"north": {"uv": [129, 176], "uv_size": [1, 2]},
								"east": {"uv": [130, 176], "uv_size": [1, 2]},
								"south": {"uv": [147, 176], "uv_size": [1, 2]},
								"west": {"uv": [148, 176], "uv_size": [1, 2]},
								"up": {"uv": [177, 18], "uv_size": [1, 1]},
								"down": {"uv": [19, 178], "uv_size": [1, -1]}
							}
						},
						{
							"origin": [-0.14706, 9.5, -4.9],
							"size": [1, 1, 1],
							"uv": {
								"north": {"uv": [177, 19], "uv_size": [1, 1]},
								"east": {"uv": [20, 177], "uv_size": [1, 1]},
								"south": {"uv": [177, 20], "uv_size": [1, 1]},
								"west": {"uv": [177, 21], "uv_size": [1, 1]},
								"up": {"uv": [22, 177], "uv_size": [1, 1]},
								"down": {"uv": [177, 23], "uv_size": [1, -1]}
							}
						},
						{
							"origin": [-0.64706, 7.5, -5.4],
							"size": [2, 1, 2],
							"uv": {
								"north": {"uv": [140, 104], "uv_size": [2, 1]},
								"east": {"uv": [158, 94], "uv_size": [2, 1]},
								"south": {"uv": [150, 160], "uv_size": [2, 1]},
								"west": {"uv": [161, 10], "uv_size": [2, 1]},
								"up": {"uv": [175, 51], "uv_size": [2, 2]},
								"down": {"uv": [53, 177], "uv_size": [2, -2]}
							}
						},
						{
							"origin": [0.10294, 7.25, -8.9],
							"size": [0.5, 0.5, 3],
							"pivot": [0.35294, 7.5, -5.9],
							"rotation": [-22.5, 0, 0],
							"uv": {
								"north": {"uv": [26, 177], "uv_size": [0.5, 0.5]},
								"east": {"uv": [156, 176], "uv_size": [3, 0.5]},
								"south": {"uv": [177, 26], "uv_size": [0.5, 0.5]},
								"west": {"uv": [176, 156], "uv_size": [3, 0.5]},
								"up": {"uv": [176, 157], "uv_size": [0.5, 3]},
								"down": {"uv": [159, 179], "uv_size": [0.5, -3]}
							}
						}
					]
				},
				{
					"name": "foot",
					"parent": "interior",
					"pivot": [0, -1, -36],
					"cubes": [
						{
							"origin": [9.85294, 6.5, -9.9],
							"size": [1, 1, 2],
							"pivot": [10.35294, 7, -8.9],
							"rotation": [-45, 0, 0],
							"uv": {
								"north": {"uv": [23, 177], "uv_size": [1, 1]},
								"east": {"uv": [9, 163], "uv_size": [2, 1]},
								"south": {"uv": [177, 23], "uv_size": [1, 1]},
								"west": {"uv": [164, 80], "uv_size": [2, 1]},
								"up": {"uv": [176, 149], "uv_size": [1, 2]},
								"down": {"uv": [151, 178], "uv_size": [1, -2]}
							}
						},
						{
							"origin": [7.85294, 6.5, -9.9],
							"size": [1, 1, 2],
							"pivot": [8.35294, 7, -8.9],
							"rotation": [-45, 0, 0],
							"uv": {
								"north": {"uv": [24, 177], "uv_size": [1, 1]},
								"east": {"uv": [81, 166], "uv_size": [2, 1]},
								"south": {"uv": [177, 24], "uv_size": [1, 1]},
								"west": {"uv": [168, 103], "uv_size": [2, 1]},
								"up": {"uv": [176, 151], "uv_size": [1, 2]},
								"down": {"uv": [152, 178], "uv_size": [1, -2]}
							}
						},
						{
							"origin": [4.85294, 6.5, -9.9],
							"size": [1, 1, 2],
							"pivot": [5.35294, 7, -8.9],
							"rotation": [-45, 0, 0],
							"uv": {
								"north": {"uv": [25, 177], "uv_size": [1, 1]},
								"east": {"uv": [131, 169], "uv_size": [2, 1]},
								"south": {"uv": [177, 25], "uv_size": [1, 1]},
								"west": {"uv": [176, 153], "uv_size": [2, 1]},
								"up": {"uv": [153, 176], "uv_size": [1, 2]},
								"down": {"uv": [176, 156], "uv_size": [1, -2]}
							}
						}
					]
				},
				{
					"name": "hitbox",
					"parent": "root",
					"pivot": [0, 0, 0]
				}
			]
		}
	]
}